Using pre-set license
Built from '2022.3/staging' branch; Version is '2022.3.53f1 (df4e529d20d3) revision 14634578'; Using compiler version '192829333'; Build Type 'Release'
OS: 'Windows 11  (10.0.22631) 64bit Professional' Language: 'ko' Physical Memory: 15964 MB
BatchMode: 1, IsHumanControllingUs: 0, StartBugReporterOnCrash: 0, Is64bit: 1, IsPro: 1

COMMAND LINE ARGUMENTS:
C:\Program Files\Unity\Hub\Editor\2022.3.53f1\Editor\Unity.exe
-adb2
-batchMode
-noUpm
-name
AssetImportWorker0
-projectPath
C:/Users/admin/OneDrive/문서/GitHub/BciRun
-logFile
Logs/AssetImportWorker0.log
-srvPort
56801
Successfully changed project path to: C:/Users/admin/OneDrive/문서/GitHub/BciRun
C:/Users/admin/OneDrive/문서/GitHub/BciRun
[UnityMemory] Configuration Parameters - Can be set up in boot.config
    "memorysetup-bucket-allocator-granularity=16"
    "memorysetup-bucket-allocator-bucket-count=8"
    "memorysetup-bucket-allocator-block-size=33554432"
    "memorysetup-bucket-allocator-block-count=8"
    "memorysetup-main-allocator-block-size=16777216"
    "memorysetup-thread-allocator-block-size=16777216"
    "memorysetup-gfx-main-allocator-block-size=16777216"
    "memorysetup-gfx-thread-allocator-block-size=16777216"
    "memorysetup-cache-allocator-block-size=4194304"
    "memorysetup-typetree-allocator-block-size=2097152"
    "memorysetup-profiler-bucket-allocator-granularity=16"
    "memorysetup-profiler-bucket-allocator-bucket-count=8"
    "memorysetup-profiler-bucket-allocator-block-size=33554432"
    "memorysetup-profiler-bucket-allocator-block-count=8"
    "memorysetup-profiler-allocator-block-size=16777216"
    "memorysetup-profiler-editor-allocator-block-size=1048576"
    "memorysetup-temp-allocator-size-main=16777216"
    "memorysetup-job-temp-allocator-block-size=2097152"
    "memorysetup-job-temp-allocator-block-size-background=1048576"
    "memorysetup-job-temp-allocator-reduction-small-platforms=262144"
    "memorysetup-allocator-temp-initial-block-size-main=262144"
    "memorysetup-allocator-temp-initial-block-size-worker=262144"
    "memorysetup-temp-allocator-size-background-worker=32768"
    "memorysetup-temp-allocator-size-job-worker=262144"
    "memorysetup-temp-allocator-size-preload-manager=33554432"
    "memorysetup-temp-allocator-size-nav-mesh-worker=65536"
    "memorysetup-temp-allocator-size-audio-worker=65536"
    "memorysetup-temp-allocator-size-cloud-worker=32768"
    "memorysetup-temp-allocator-size-gi-baking-worker=262144"
    "memorysetup-temp-allocator-size-gfx=262144"
Player connection [19768]  Target information:

Player connection [19768]  * "[IP] 172.17.209.22 [Port] 0 [Flags] 2 [Guid] 2095781716 [EditorId] 2095781716 [Version] 1048832 [Id] WindowsEditor(7,DESKTOP-EDPT93R) [Debug] 1 [PackageName] WindowsEditor [ProjectName] Editor" 

Player connection [19768] Host joined multi-casting on [225.0.0.222:54997]...
Player connection [19768] Host joined alternative multi-casting on [225.0.0.222:34997]...
[PhysX] Initialized MultithreadedTaskDispatcher with 18 workers.
Refreshing native plugins compatible for Editor in 1795.70 ms, found 4 plugins.
Preloading 0 native plugins for Editor in 0.00 ms.
Initialize engine version: 2022.3.53f1 (df4e529d20d3)
[Subsystems] Discovering subsystems at path C:/Program Files/Unity/Hub/Editor/2022.3.53f1/Editor/Data/Resources/UnitySubsystems
[Subsystems] Discovering subsystems at path C:/Users/admin/OneDrive/문서/GitHub/BciRun/Assets
GfxDevice: creating device client; threaded=0; jobified=0
Direct3D:
    Version:  Direct3D 11.0 [level 11.1]
    Renderer: Intel(R) Arc(TM) Graphics (ID=0x7d55)
    Vendor:   Intel
    VRAM:     7982 MB
    Driver:   31.0.101.5125
Initialize mono
Mono path[0] = 'C:/Program Files/Unity/Hub/Editor/2022.3.53f1/Editor/Data/Managed'
Mono path[1] = 'C:/Program Files/Unity/Hub/Editor/2022.3.53f1/Editor/Data/MonoBleedingEdge/lib/mono/unityjit-win32'
Mono config path = 'C:/Program Files/Unity/Hub/Editor/2022.3.53f1/Editor/Data/MonoBleedingEdge/etc'
Using monoOptions --debugger-agent=transport=dt_socket,embedding=1,server=y,suspend=n,address=127.0.0.1:56712
Begin MonoManager ReloadAssembly
Registering precompiled unity dll's ...
Register platform support module: C:/Program Files/Unity/Hub/Editor/2022.3.53f1/Editor/Data/PlaybackEngines/AndroidPlayer/UnityEditor.Android.Extensions.dll
Register platform support module: C:/Program Files/Unity/Hub/Editor/2022.3.53f1/Editor/Data/PlaybackEngines/WindowsStandaloneSupport/UnityEditor.WindowsStandalone.Extensions.dll
Registered in 0.011101 seconds.
- Loaded All Assemblies, in  2.181 seconds
Native extension for WindowsStandalone target not found
Native extension for Android target not found
Android Extension - Scanning For ADB Devices 564 ms
Mono: successfully reloaded assembly
- Finished resetting the current domain, in  0.851 seconds
Domain Reload Profiling: 3030ms
	BeginReloadAssembly (109ms)
		ExecutionOrderSort (0ms)
		DisableScriptedObjects (0ms)
		BackupInstance (0ms)
		ReleaseScriptingObjects (0ms)
		CreateAndSetChildDomain (1ms)
	RebuildCommonClasses (569ms)
	RebuildNativeTypeToScriptingClass (8ms)
	initialDomainReloadingComplete (63ms)
	LoadAllAssembliesAndSetupDomain (1430ms)
		LoadAssemblies (108ms)
		RebuildTransferFunctionScriptingTraits (0ms)
		AnalyzeDomain (1427ms)
			TypeCache.Refresh (1426ms)
				TypeCache.ScanAssembly (714ms)
			ScanForSourceGeneratedMonoScriptInfo (0ms)
			ResolveRequiredComponents (0ms)
	FinalizeReload (852ms)
		ReleaseScriptCaches (0ms)
		RebuildScriptCaches (0ms)
		SetupLoadedEditorAssemblies (813ms)
			LogAssemblyErrors (0ms)
			InitializePlatformSupportModulesInManaged (634ms)
			SetLoadedEditorAssemblies (4ms)
			RefreshPlugins (0ms)
			BeforeProcessingInitializeOnLoad (2ms)
			ProcessInitializeOnLoadAttributes (125ms)
			ProcessInitializeOnLoadMethodAttributes (48ms)
			AfterProcessingInitializeOnLoad (0ms)
			EditorAssembliesLoaded (0ms)
		ExecutionOrderSort2 (0ms)
		AwakeInstancesAfterBackupRestoration (0ms)
========================================================================
Worker process is ready to serve import requests
Caller must complete domain reload
Begin MonoManager ReloadAssembly
- Loaded All Assemblies, in  5.459 seconds
Native extension for WindowsStandalone target not found
Native extension for Android target not found
Mono: successfully reloaded assembly
- Finished resetting the current domain, in  1.121 seconds
Domain Reload Profiling: 6572ms
	BeginReloadAssembly (243ms)
		ExecutionOrderSort (0ms)
		DisableScriptedObjects (7ms)
		BackupInstance (0ms)
		ReleaseScriptingObjects (0ms)
		CreateAndSetChildDomain (29ms)
	RebuildCommonClasses (47ms)
	RebuildNativeTypeToScriptingClass (14ms)
	initialDomainReloadingComplete (75ms)
	LoadAllAssembliesAndSetupDomain (5069ms)
		LoadAssemblies (4404ms)
		RebuildTransferFunctionScriptingTraits (0ms)
		AnalyzeDomain (823ms)
			TypeCache.Refresh (789ms)
				TypeCache.ScanAssembly (638ms)
			ScanForSourceGeneratedMonoScriptInfo (24ms)
			ResolveRequiredComponents (8ms)
	FinalizeReload (1123ms)
		ReleaseScriptCaches (0ms)
		RebuildScriptCaches (0ms)
		SetupLoadedEditorAssemblies (906ms)
			LogAssemblyErrors (0ms)
			InitializePlatformSupportModulesInManaged (35ms)
			SetLoadedEditorAssemblies (5ms)
			RefreshPlugins (0ms)
			BeforeProcessingInitializeOnLoad (100ms)
			ProcessInitializeOnLoadAttributes (731ms)
			ProcessInitializeOnLoadMethodAttributes (24ms)
			AfterProcessingInitializeOnLoad (10ms)
			EditorAssembliesLoaded (0ms)
		ExecutionOrderSort2 (0ms)
		AwakeInstancesAfterBackupRestoration (12ms)
Launched and connected shader compiler UnityShaderCompiler.exe after 0.13 seconds
Refreshing native plugins compatible for Editor in 13.11 ms, found 4 plugins.
Preloading 0 native plugins for Editor in 0.00 ms.
Unloading 3169 Unused Serialized files (Serialized files now loaded: 0)
Unloading 18 unused Assets / (27.2 KB). Loaded Objects now: 3641.
Memory consumption went from 124.4 MB to 124.3 MB.
Total: 3.213400 ms (FindLiveObjects: 0.178200 ms CreateObjectMapping: 0.050500 ms MarkObjects: 2.937800 ms  DeleteObjects: 0.046200 ms)

AssetImportParameters requested are different than current active one (requested -> active):
  custom:container-demuxer-ogg: 62fdf1f143b41e24485cea50d1cbac27 -> 
  custom:video-codec-MediaFoundation-h265: 746d11721c4dcdbdad8f713fa42b33f4 -> 
  custom:video-decoder-ogg-theora: a1e56fd34408186e4bbccfd4996cb3dc -> 
  custom:framework-win-MediaFoundation: 216162199b28c13a410421893ffa2e32 -> 
  custom:CustomObjectIndexerAttribute: 9a22284fe3817be447336de3de66b15e -> 
  custom:container-demuxer-webm: 4f35f7cbe854078d1ac9338744f61a02 -> 
  custom:container-muxer-webm: aa71ff27fc2769a1b78a27578f13a17b -> 
  custom:video-decoder-webm-vp8: 9c59270c3fd7afecdb556c50c9e8de78 -> 
  custom:SearchIndexIgnoredProperties: e643bd26f0fe6173181afceb89e7c659 -> 
  custom:AudioImporter_EditorPlatform: d09bf68614088b80899f8185d706f6e7 -> 
  custom:video-encoder-webm-vp8: eb34c28f22e8b96e1ab97ce403110664 -> 
  custom:audio-decoder-ogg-vorbis: bf7c407c2cedff20999df2af8eb42d56 -> 
  custom:audio-encoder-webm-vorbis: bf7c407c2cedff20999df2af8eb42d56 -> 
========================================================================
Received Prepare
Caller must complete domain reload
Begin MonoManager ReloadAssembly
- Loaded All Assemblies, in  0.554 seconds
Native extension for WindowsStandalone target not found
Native extension for Android target not found
Mono: successfully reloaded assembly
- Finished resetting the current domain, in  1.634 seconds
Domain Reload Profiling: 2180ms
	BeginReloadAssembly (166ms)
		ExecutionOrderSort (0ms)
		DisableScriptedObjects (3ms)
		BackupInstance (0ms)
		ReleaseScriptingObjects (0ms)
		CreateAndSetChildDomain (41ms)
	RebuildCommonClasses (33ms)
	RebuildNativeTypeToScriptingClass (17ms)
	initialDomainReloadingComplete (44ms)
	LoadAllAssembliesAndSetupDomain (285ms)
		LoadAssemblies (366ms)
		RebuildTransferFunctionScriptingTraits (0ms)
		AnalyzeDomain (12ms)
			TypeCache.Refresh (5ms)
				TypeCache.ScanAssembly (0ms)
			ScanForSourceGeneratedMonoScriptInfo (0ms)
			ResolveRequiredComponents (5ms)
	FinalizeReload (1634ms)
		ReleaseScriptCaches (0ms)
		RebuildScriptCaches (0ms)
		SetupLoadedEditorAssemblies (782ms)
			LogAssemblyErrors (0ms)
			InitializePlatformSupportModulesInManaged (31ms)
			SetLoadedEditorAssemblies (5ms)
			RefreshPlugins (0ms)
			BeforeProcessingInitializeOnLoad (80ms)
			ProcessInitializeOnLoadAttributes (632ms)
			ProcessInitializeOnLoadMethodAttributes (22ms)
			AfterProcessingInitializeOnLoad (11ms)
			EditorAssembliesLoaded (0ms)
		ExecutionOrderSort2 (0ms)
		AwakeInstancesAfterBackupRestoration (15ms)
Refreshing native plugins compatible for Editor in 14.03 ms, found 4 plugins.
Preloading 0 native plugins for Editor in 0.00 ms.
Unloading 3149 Unused Serialized files (Serialized files now loaded: 0)
Unloading 14 unused Assets / (28.5 KB). Loaded Objects now: 3644.
Memory consumption went from 120.5 MB to 120.5 MB.
Total: 5.959900 ms (FindLiveObjects: 0.345100 ms CreateObjectMapping: 0.117200 ms MarkObjects: 5.435000 ms  DeleteObjects: 0.060300 ms)

Prepare: number of updated asset objects reloaded= 0
AssetImportParameters requested are different than current active one (requested -> active):
  custom:container-demuxer-ogg: 62fdf1f143b41e24485cea50d1cbac27 -> 
  custom:video-codec-MediaFoundation-h265: 746d11721c4dcdbdad8f713fa42b33f4 -> 
  custom:video-decoder-ogg-theora: a1e56fd34408186e4bbccfd4996cb3dc -> 
  custom:framework-win-MediaFoundation: 216162199b28c13a410421893ffa2e32 -> 
  custom:CustomObjectIndexerAttribute: 9a22284fe3817be447336de3de66b15e -> 
  custom:container-demuxer-webm: 4f35f7cbe854078d1ac9338744f61a02 -> 
  custom:container-muxer-webm: aa71ff27fc2769a1b78a27578f13a17b -> 
  custom:video-decoder-webm-vp8: 9c59270c3fd7afecdb556c50c9e8de78 -> 
  custom:SearchIndexIgnoredProperties: e643bd26f0fe6173181afceb89e7c659 -> 
  custom:AudioImporter_EditorPlatform: d09bf68614088b80899f8185d706f6e7 -> 
  custom:video-encoder-webm-vp8: eb34c28f22e8b96e1ab97ce403110664 -> 
  custom:audio-decoder-ogg-vorbis: bf7c407c2cedff20999df2af8eb42d56 -> 
  custom:audio-encoder-webm-vorbis: bf7c407c2cedff20999df2af8eb42d56 -> 
========================================================================
Received Prepare
Caller must complete domain reload
Begin MonoManager ReloadAssembly
- Loaded All Assemblies, in  0.481 seconds
Native extension for WindowsStandalone target not found
Native extension for Android target not found
Mono: successfully reloaded assembly
- Finished resetting the current domain, in  1.570 seconds
Domain Reload Profiling: 2048ms
	BeginReloadAssembly (152ms)
		ExecutionOrderSort (0ms)
		DisableScriptedObjects (4ms)
		BackupInstance (0ms)
		ReleaseScriptingObjects (0ms)
		CreateAndSetChildDomain (31ms)
	RebuildCommonClasses (26ms)
	RebuildNativeTypeToScriptingClass (10ms)
	initialDomainReloadingComplete (27ms)
	LoadAllAssembliesAndSetupDomain (262ms)
		LoadAssemblies (335ms)
		RebuildTransferFunctionScriptingTraits (0ms)
		AnalyzeDomain (13ms)
			TypeCache.Refresh (5ms)
				TypeCache.ScanAssembly (0ms)
			ScanForSourceGeneratedMonoScriptInfo (0ms)
			ResolveRequiredComponents (6ms)
	FinalizeReload (1571ms)
		ReleaseScriptCaches (0ms)
		RebuildScriptCaches (0ms)
		SetupLoadedEditorAssemblies (837ms)
			LogAssemblyErrors (0ms)
			InitializePlatformSupportModulesInManaged (28ms)
			SetLoadedEditorAssemblies (4ms)
			RefreshPlugins (0ms)
			BeforeProcessingInitializeOnLoad (82ms)
			ProcessInitializeOnLoadAttributes (684ms)
			ProcessInitializeOnLoadMethodAttributes (26ms)
			AfterProcessingInitializeOnLoad (12ms)
			EditorAssembliesLoaded (0ms)
		ExecutionOrderSort2 (0ms)
		AwakeInstancesAfterBackupRestoration (10ms)
Refreshing native plugins compatible for Editor in 17.68 ms, found 4 plugins.
Preloading 0 native plugins for Editor in 0.00 ms.
Unloading 3149 Unused Serialized files (Serialized files now loaded: 0)
Unloading 14 unused Assets / (28.5 KB). Loaded Objects now: 3647.
Memory consumption went from 120.5 MB to 120.5 MB.
Total: 4.660200 ms (FindLiveObjects: 0.261600 ms CreateObjectMapping: 0.055500 ms MarkObjects: 4.279400 ms  DeleteObjects: 0.061900 ms)

Prepare: number of updated asset objects reloaded= 0
AssetImportParameters requested are different than current active one (requested -> active):
  custom:container-demuxer-ogg: 62fdf1f143b41e24485cea50d1cbac27 -> 
  custom:video-codec-MediaFoundation-h265: 746d11721c4dcdbdad8f713fa42b33f4 -> 
  custom:video-decoder-ogg-theora: a1e56fd34408186e4bbccfd4996cb3dc -> 
  custom:framework-win-MediaFoundation: 216162199b28c13a410421893ffa2e32 -> 
  custom:CustomObjectIndexerAttribute: 9a22284fe3817be447336de3de66b15e -> 
  custom:container-demuxer-webm: 4f35f7cbe854078d1ac9338744f61a02 -> 
  custom:container-muxer-webm: aa71ff27fc2769a1b78a27578f13a17b -> 
  custom:video-decoder-webm-vp8: 9c59270c3fd7afecdb556c50c9e8de78 -> 
  custom:SearchIndexIgnoredProperties: e643bd26f0fe6173181afceb89e7c659 -> 
  custom:AudioImporter_EditorPlatform: d09bf68614088b80899f8185d706f6e7 -> 
  custom:video-encoder-webm-vp8: eb34c28f22e8b96e1ab97ce403110664 -> 
  custom:audio-decoder-ogg-vorbis: bf7c407c2cedff20999df2af8eb42d56 -> 
  custom:audio-encoder-webm-vorbis: bf7c407c2cedff20999df2af8eb42d56 -> 
========================================================================
Received Prepare
Caller must complete domain reload
Begin MonoManager ReloadAssembly
- Loaded All Assemblies, in  0.560 seconds
Native extension for WindowsStandalone target not found
Native extension for Android target not found
Mono: successfully reloaded assembly
- Finished resetting the current domain, in  1.759 seconds
Domain Reload Profiling: 2316ms
	BeginReloadAssembly (152ms)
		ExecutionOrderSort (0ms)
		DisableScriptedObjects (5ms)
		BackupInstance (0ms)
		ReleaseScriptingObjects (0ms)
		CreateAndSetChildDomain (27ms)
	RebuildCommonClasses (46ms)
	RebuildNativeTypeToScriptingClass (17ms)
	initialDomainReloadingComplete (35ms)
	LoadAllAssembliesAndSetupDomain (306ms)
		LoadAssemblies (380ms)
		RebuildTransferFunctionScriptingTraits (0ms)
		AnalyzeDomain (12ms)
			TypeCache.Refresh (6ms)
				TypeCache.ScanAssembly (0ms)
			ScanForSourceGeneratedMonoScriptInfo (0ms)
			ResolveRequiredComponents (5ms)
	FinalizeReload (1760ms)
		ReleaseScriptCaches (0ms)
		RebuildScriptCaches (0ms)
		SetupLoadedEditorAssemblies (932ms)
			LogAssemblyErrors (0ms)
			InitializePlatformSupportModulesInManaged (28ms)
			SetLoadedEditorAssemblies (7ms)
			RefreshPlugins (0ms)
			BeforeProcessingInitializeOnLoad (97ms)
			ProcessInitializeOnLoadAttributes (754ms)
			ProcessInitializeOnLoadMethodAttributes (30ms)
			AfterProcessingInitializeOnLoad (16ms)
			EditorAssembliesLoaded (0ms)
		ExecutionOrderSort2 (0ms)
		AwakeInstancesAfterBackupRestoration (10ms)
Refreshing native plugins compatible for Editor in 18.88 ms, found 4 plugins.
Preloading 0 native plugins for Editor in 0.00 ms.
Unloading 3149 Unused Serialized files (Serialized files now loaded: 0)
Unloading 14 unused Assets / (28.5 KB). Loaded Objects now: 3650.
Memory consumption went from 120.5 MB to 120.5 MB.
Total: 4.816500 ms (FindLiveObjects: 0.254900 ms CreateObjectMapping: 0.072000 ms MarkObjects: 4.419300 ms  DeleteObjects: 0.068400 ms)

Prepare: number of updated asset objects reloaded= 0
AssetImportParameters requested are different than current active one (requested -> active):
  custom:container-demuxer-ogg: 62fdf1f143b41e24485cea50d1cbac27 -> 
  custom:video-codec-MediaFoundation-h265: 746d11721c4dcdbdad8f713fa42b33f4 -> 
  custom:video-decoder-ogg-theora: a1e56fd34408186e4bbccfd4996cb3dc -> 
  custom:framework-win-MediaFoundation: 216162199b28c13a410421893ffa2e32 -> 
  custom:CustomObjectIndexerAttribute: 9a22284fe3817be447336de3de66b15e -> 
  custom:container-demuxer-webm: 4f35f7cbe854078d1ac9338744f61a02 -> 
  custom:container-muxer-webm: aa71ff27fc2769a1b78a27578f13a17b -> 
  custom:video-decoder-webm-vp8: 9c59270c3fd7afecdb556c50c9e8de78 -> 
  custom:SearchIndexIgnoredProperties: e643bd26f0fe6173181afceb89e7c659 -> 
  custom:AudioImporter_EditorPlatform: d09bf68614088b80899f8185d706f6e7 -> 
  custom:video-encoder-webm-vp8: eb34c28f22e8b96e1ab97ce403110664 -> 
  custom:audio-decoder-ogg-vorbis: bf7c407c2cedff20999df2af8eb42d56 -> 
  custom:audio-encoder-webm-vorbis: bf7c407c2cedff20999df2af8eb42d56 -> 
========================================================================
Received Prepare
Caller must complete domain reload
Begin MonoManager ReloadAssembly
- Loaded All Assemblies, in  0.528 seconds
Native extension for WindowsStandalone target not found
Native extension for Android target not found
Mono: successfully reloaded assembly
- Finished resetting the current domain, in  1.704 seconds
Domain Reload Profiling: 2229ms
	BeginReloadAssembly (159ms)
		ExecutionOrderSort (0ms)
		DisableScriptedObjects (9ms)
		BackupInstance (0ms)
		ReleaseScriptingObjects (0ms)
		CreateAndSetChildDomain (29ms)
	RebuildCommonClasses (39ms)
	RebuildNativeTypeToScriptingClass (11ms)
	initialDomainReloadingComplete (32ms)
	LoadAllAssembliesAndSetupDomain (285ms)
		LoadAssemblies (360ms)
		RebuildTransferFunctionScriptingTraits (0ms)
		AnalyzeDomain (12ms)
			TypeCache.Refresh (5ms)
				TypeCache.ScanAssembly (0ms)
			ScanForSourceGeneratedMonoScriptInfo (0ms)
			ResolveRequiredComponents (5ms)
	FinalizeReload (1705ms)
		ReleaseScriptCaches (0ms)
		RebuildScriptCaches (0ms)
		SetupLoadedEditorAssemblies (863ms)
			LogAssemblyErrors (0ms)
			InitializePlatformSupportModulesInManaged (28ms)
			SetLoadedEditorAssemblies (5ms)
			RefreshPlugins (0ms)
			BeforeProcessingInitializeOnLoad (90ms)
			ProcessInitializeOnLoadAttributes (699ms)
			ProcessInitializeOnLoadMethodAttributes (27ms)
			AfterProcessingInitializeOnLoad (13ms)
			EditorAssembliesLoaded (0ms)
		ExecutionOrderSort2 (0ms)
		AwakeInstancesAfterBackupRestoration (12ms)
Refreshing native plugins compatible for Editor in 16.30 ms, found 4 plugins.
Preloading 0 native plugins for Editor in 0.00 ms.
Unloading 3149 Unused Serialized files (Serialized files now loaded: 0)
Unloading 14 unused Assets / (28.5 KB). Loaded Objects now: 3653.
Memory consumption went from 120.5 MB to 120.5 MB.
Total: 4.532800 ms (FindLiveObjects: 0.545000 ms CreateObjectMapping: 0.350900 ms MarkObjects: 3.572200 ms  DeleteObjects: 0.062800 ms)

Prepare: number of updated asset objects reloaded= 0
AssetImportParameters requested are different than current active one (requested -> active):
  custom:container-demuxer-ogg: 62fdf1f143b41e24485cea50d1cbac27 -> 
  custom:video-codec-MediaFoundation-h265: 746d11721c4dcdbdad8f713fa42b33f4 -> 
  custom:video-decoder-ogg-theora: a1e56fd34408186e4bbccfd4996cb3dc -> 
  custom:framework-win-MediaFoundation: 216162199b28c13a410421893ffa2e32 -> 
  custom:CustomObjectIndexerAttribute: 9a22284fe3817be447336de3de66b15e -> 
  custom:container-demuxer-webm: 4f35f7cbe854078d1ac9338744f61a02 -> 
  custom:container-muxer-webm: aa71ff27fc2769a1b78a27578f13a17b -> 
  custom:video-decoder-webm-vp8: 9c59270c3fd7afecdb556c50c9e8de78 -> 
  custom:SearchIndexIgnoredProperties: e643bd26f0fe6173181afceb89e7c659 -> 
  custom:AudioImporter_EditorPlatform: d09bf68614088b80899f8185d706f6e7 -> 
  custom:video-encoder-webm-vp8: eb34c28f22e8b96e1ab97ce403110664 -> 
  custom:audio-decoder-ogg-vorbis: bf7c407c2cedff20999df2af8eb42d56 -> 
  custom:audio-encoder-webm-vorbis: bf7c407c2cedff20999df2af8eb42d56 -> 
========================================================================
Received Prepare
Caller must complete domain reload
Begin MonoManager ReloadAssembly
- Loaded All Assemblies, in  0.543 seconds
Native extension for WindowsStandalone target not found
Native extension for Android target not found
Mono: successfully reloaded assembly
- Finished resetting the current domain, in  1.739 seconds
Domain Reload Profiling: 2271ms
	BeginReloadAssembly (190ms)
		ExecutionOrderSort (0ms)
		DisableScriptedObjects (3ms)
		BackupInstance (0ms)
		ReleaseScriptingObjects (0ms)
		CreateAndSetChildDomain (33ms)
	RebuildCommonClasses (30ms)
	RebuildNativeTypeToScriptingClass (10ms)
	initialDomainReloadingComplete (28ms)
	LoadAllAssembliesAndSetupDomain (274ms)
		LoadAssemblies (384ms)
		RebuildTransferFunctionScriptingTraits (0ms)
		AnalyzeDomain (12ms)
			TypeCache.Refresh (5ms)
				TypeCache.ScanAssembly (0ms)
			ScanForSourceGeneratedMonoScriptInfo (0ms)
			ResolveRequiredComponents (5ms)
	FinalizeReload (1739ms)
		ReleaseScriptCaches (0ms)
		RebuildScriptCaches (0ms)
		SetupLoadedEditorAssemblies (928ms)
			LogAssemblyErrors (0ms)
			InitializePlatformSupportModulesInManaged (29ms)
			SetLoadedEditorAssemblies (6ms)
			RefreshPlugins (0ms)
			BeforeProcessingInitializeOnLoad (97ms)
			ProcessInitializeOnLoadAttributes (755ms)
			ProcessInitializeOnLoadMethodAttributes (28ms)
			AfterProcessingInitializeOnLoad (13ms)
			EditorAssembliesLoaded (0ms)
		ExecutionOrderSort2 (0ms)
		AwakeInstancesAfterBackupRestoration (11ms)
Refreshing native plugins compatible for Editor in 24.15 ms, found 4 plugins.
Preloading 0 native plugins for Editor in 0.00 ms.
Unloading 3149 Unused Serialized files (Serialized files now loaded: 0)
Unloading 14 unused Assets / (28.5 KB). Loaded Objects now: 3656.
Memory consumption went from 120.5 MB to 120.5 MB.
Total: 4.390700 ms (FindLiveObjects: 0.265000 ms CreateObjectMapping: 0.104700 ms MarkObjects: 3.964800 ms  DeleteObjects: 0.055100 ms)

Prepare: number of updated asset objects reloaded= 0
AssetImportParameters requested are different than current active one (requested -> active):
  custom:container-demuxer-ogg: 62fdf1f143b41e24485cea50d1cbac27 -> 
  custom:video-codec-MediaFoundation-h265: 746d11721c4dcdbdad8f713fa42b33f4 -> 
  custom:video-decoder-ogg-theora: a1e56fd34408186e4bbccfd4996cb3dc -> 
  custom:framework-win-MediaFoundation: 216162199b28c13a410421893ffa2e32 -> 
  custom:CustomObjectIndexerAttribute: 9a22284fe3817be447336de3de66b15e -> 
  custom:container-demuxer-webm: 4f35f7cbe854078d1ac9338744f61a02 -> 
  custom:container-muxer-webm: aa71ff27fc2769a1b78a27578f13a17b -> 
  custom:video-decoder-webm-vp8: 9c59270c3fd7afecdb556c50c9e8de78 -> 
  custom:SearchIndexIgnoredProperties: e643bd26f0fe6173181afceb89e7c659 -> 
  custom:AudioImporter_EditorPlatform: d09bf68614088b80899f8185d706f6e7 -> 
  custom:video-encoder-webm-vp8: eb34c28f22e8b96e1ab97ce403110664 -> 
  custom:audio-decoder-ogg-vorbis: bf7c407c2cedff20999df2af8eb42d56 -> 
  custom:audio-encoder-webm-vorbis: bf7c407c2cedff20999df2af8eb42d56 -> 
========================================================================
Received Prepare
Caller must complete domain reload
Begin MonoManager ReloadAssembly
- Loaded All Assemblies, in  0.526 seconds
Native extension for WindowsStandalone target not found
Native extension for Android target not found
Mono: successfully reloaded assembly
- Finished resetting the current domain, in  1.601 seconds
Domain Reload Profiling: 2121ms
	BeginReloadAssembly (170ms)
		ExecutionOrderSort (0ms)
		DisableScriptedObjects (4ms)
		BackupInstance (0ms)
		ReleaseScriptingObjects (0ms)
		CreateAndSetChildDomain (37ms)
	RebuildCommonClasses (34ms)
	RebuildNativeTypeToScriptingClass (13ms)
	initialDomainReloadingComplete (34ms)
	LoadAllAssembliesAndSetupDomain (268ms)
		LoadAssemblies (341ms)
		RebuildTransferFunctionScriptingTraits (0ms)
		AnalyzeDomain (14ms)
			TypeCache.Refresh (6ms)
				TypeCache.ScanAssembly (0ms)
			ScanForSourceGeneratedMonoScriptInfo (0ms)
			ResolveRequiredComponents (6ms)
	FinalizeReload (1601ms)
		ReleaseScriptCaches (0ms)
		RebuildScriptCaches (0ms)
		SetupLoadedEditorAssemblies (834ms)
			LogAssemblyErrors (0ms)
			InitializePlatformSupportModulesInManaged (25ms)
			SetLoadedEditorAssemblies (6ms)
			RefreshPlugins (0ms)
			BeforeProcessingInitializeOnLoad (82ms)
			ProcessInitializeOnLoadAttributes (678ms)
			ProcessInitializeOnLoadMethodAttributes (29ms)
			AfterProcessingInitializeOnLoad (13ms)
			EditorAssembliesLoaded (0ms)
		ExecutionOrderSort2 (0ms)
		AwakeInstancesAfterBackupRestoration (10ms)
Refreshing native plugins compatible for Editor in 15.39 ms, found 4 plugins.
Preloading 0 native plugins for Editor in 0.00 ms.
Unloading 3149 Unused Serialized files (Serialized files now loaded: 0)
Unloading 14 unused Assets / (28.5 KB). Loaded Objects now: 3659.
Memory consumption went from 120.5 MB to 120.5 MB.
Total: 3.880900 ms (FindLiveObjects: 0.264900 ms CreateObjectMapping: 0.072300 ms MarkObjects: 3.489900 ms  DeleteObjects: 0.052100 ms)

Prepare: number of updated asset objects reloaded= 0
AssetImportParameters requested are different than current active one (requested -> active):
  custom:container-demuxer-ogg: 62fdf1f143b41e24485cea50d1cbac27 -> 
  custom:video-codec-MediaFoundation-h265: 746d11721c4dcdbdad8f713fa42b33f4 -> 
  custom:video-decoder-ogg-theora: a1e56fd34408186e4bbccfd4996cb3dc -> 
  custom:framework-win-MediaFoundation: 216162199b28c13a410421893ffa2e32 -> 
  custom:CustomObjectIndexerAttribute: 9a22284fe3817be447336de3de66b15e -> 
  custom:container-demuxer-webm: 4f35f7cbe854078d1ac9338744f61a02 -> 
  custom:container-muxer-webm: aa71ff27fc2769a1b78a27578f13a17b -> 
  custom:video-decoder-webm-vp8: 9c59270c3fd7afecdb556c50c9e8de78 -> 
  custom:SearchIndexIgnoredProperties: e643bd26f0fe6173181afceb89e7c659 -> 
  custom:AudioImporter_EditorPlatform: d09bf68614088b80899f8185d706f6e7 -> 
  custom:video-encoder-webm-vp8: eb34c28f22e8b96e1ab97ce403110664 -> 
  custom:audio-decoder-ogg-vorbis: bf7c407c2cedff20999df2af8eb42d56 -> 
  custom:audio-encoder-webm-vorbis: bf7c407c2cedff20999df2af8eb42d56 -> 
========================================================================
Received Prepare
Caller must complete domain reload
Begin MonoManager ReloadAssembly
- Loaded All Assemblies, in  0.513 seconds
Native extension for WindowsStandalone target not found
Native extension for Android target not found
Mono: successfully reloaded assembly
- Finished resetting the current domain, in  1.902 seconds
Domain Reload Profiling: 2410ms
	BeginReloadAssembly (154ms)
		ExecutionOrderSort (0ms)
		DisableScriptedObjects (5ms)
		BackupInstance (0ms)
		ReleaseScriptingObjects (0ms)
		CreateAndSetChildDomain (27ms)
	RebuildCommonClasses (33ms)
	RebuildNativeTypeToScriptingClass (10ms)
	initialDomainReloadingComplete (35ms)
	LoadAllAssembliesAndSetupDomain (275ms)
		LoadAssemblies (346ms)
		RebuildTransferFunctionScriptingTraits (0ms)
		AnalyzeDomain (15ms)
			TypeCache.Refresh (5ms)
				TypeCache.ScanAssembly (0ms)
			ScanForSourceGeneratedMonoScriptInfo (0ms)
			ResolveRequiredComponents (8ms)
	FinalizeReload (1903ms)
		ReleaseScriptCaches (0ms)
		RebuildScriptCaches (0ms)
		SetupLoadedEditorAssemblies (1003ms)
			LogAssemblyErrors (0ms)
			InitializePlatformSupportModulesInManaged (33ms)
			SetLoadedEditorAssemblies (8ms)
			RefreshPlugins (0ms)
			BeforeProcessingInitializeOnLoad (100ms)
			ProcessInitializeOnLoadAttributes (816ms)
			ProcessInitializeOnLoadMethodAttributes (30ms)
			AfterProcessingInitializeOnLoad (16ms)
			EditorAssembliesLoaded (0ms)
		ExecutionOrderSort2 (0ms)
		AwakeInstancesAfterBackupRestoration (12ms)
Refreshing native plugins compatible for Editor in 21.07 ms, found 4 plugins.
Preloading 0 native plugins for Editor in 0.00 ms.
Unloading 3149 Unused Serialized files (Serialized files now loaded: 0)
Unloading 14 unused Assets / (28.6 KB). Loaded Objects now: 3662.
Memory consumption went from 120.5 MB to 120.5 MB.
Total: 5.294100 ms (FindLiveObjects: 0.239600 ms CreateObjectMapping: 0.104300 ms MarkObjects: 4.888600 ms  DeleteObjects: 0.060200 ms)

Prepare: number of updated asset objects reloaded= 0
AssetImportParameters requested are different than current active one (requested -> active):
  custom:container-demuxer-ogg: 62fdf1f143b41e24485cea50d1cbac27 -> 
  custom:video-codec-MediaFoundation-h265: 746d11721c4dcdbdad8f713fa42b33f4 -> 
  custom:video-decoder-ogg-theora: a1e56fd34408186e4bbccfd4996cb3dc -> 
  custom:framework-win-MediaFoundation: 216162199b28c13a410421893ffa2e32 -> 
  custom:CustomObjectIndexerAttribute: 9a22284fe3817be447336de3de66b15e -> 
  custom:container-demuxer-webm: 4f35f7cbe854078d1ac9338744f61a02 -> 
  custom:container-muxer-webm: aa71ff27fc2769a1b78a27578f13a17b -> 
  custom:video-decoder-webm-vp8: 9c59270c3fd7afecdb556c50c9e8de78 -> 
  custom:SearchIndexIgnoredProperties: e643bd26f0fe6173181afceb89e7c659 -> 
  custom:AudioImporter_EditorPlatform: d09bf68614088b80899f8185d706f6e7 -> 
  custom:video-encoder-webm-vp8: eb34c28f22e8b96e1ab97ce403110664 -> 
  custom:audio-decoder-ogg-vorbis: bf7c407c2cedff20999df2af8eb42d56 -> 
  custom:audio-encoder-webm-vorbis: bf7c407c2cedff20999df2af8eb42d56 -> 
========================================================================
Received Prepare
Caller must complete domain reload
Begin MonoManager ReloadAssembly
- Loaded All Assemblies, in  0.544 seconds
Native extension for WindowsStandalone target not found
Native extension for Android target not found
Mono: successfully reloaded assembly
- Finished resetting the current domain, in  1.641 seconds
Domain Reload Profiling: 2181ms
	BeginReloadAssembly (170ms)
		ExecutionOrderSort (0ms)
		DisableScriptedObjects (5ms)
		BackupInstance (0ms)
		ReleaseScriptingObjects (0ms)
		CreateAndSetChildDomain (38ms)
	RebuildCommonClasses (34ms)
	RebuildNativeTypeToScriptingClass (12ms)
	initialDomainReloadingComplete (39ms)
	LoadAllAssembliesAndSetupDomain (284ms)
		LoadAssemblies (356ms)
		RebuildTransferFunctionScriptingTraits (0ms)
		AnalyzeDomain (17ms)
			TypeCache.Refresh (8ms)
				TypeCache.ScanAssembly (0ms)
			ScanForSourceGeneratedMonoScriptInfo (0ms)
			ResolveRequiredComponents (7ms)
	FinalizeReload (1642ms)
		ReleaseScriptCaches (0ms)
		RebuildScriptCaches (0ms)
		SetupLoadedEditorAssemblies (885ms)
			LogAssemblyErrors (0ms)
			InitializePlatformSupportModulesInManaged (27ms)
			SetLoadedEditorAssemblies (5ms)
			RefreshPlugins (0ms)
			BeforeProcessingInitializeOnLoad (95ms)
			ProcessInitializeOnLoadAttributes (717ms)
			ProcessInitializeOnLoadMethodAttributes (28ms)
			AfterProcessingInitializeOnLoad (12ms)
			EditorAssembliesLoaded (0ms)
		ExecutionOrderSort2 (0ms)
		AwakeInstancesAfterBackupRestoration (9ms)
Refreshing native plugins compatible for Editor in 15.64 ms, found 4 plugins.
Preloading 0 native plugins for Editor in 0.00 ms.
Unloading 3149 Unused Serialized files (Serialized files now loaded: 0)
Unloading 14 unused Assets / (28.5 KB). Loaded Objects now: 3665.
Memory consumption went from 120.5 MB to 120.5 MB.
Total: 6.009200 ms (FindLiveObjects: 0.486000 ms CreateObjectMapping: 0.192500 ms MarkObjects: 5.255300 ms  DeleteObjects: 0.073500 ms)

Prepare: number of updated asset objects reloaded= 0
AssetImportParameters requested are different than current active one (requested -> active):
  custom:container-demuxer-ogg: 62fdf1f143b41e24485cea50d1cbac27 -> 
  custom:video-codec-MediaFoundation-h265: 746d11721c4dcdbdad8f713fa42b33f4 -> 
  custom:video-decoder-ogg-theora: a1e56fd34408186e4bbccfd4996cb3dc -> 
  custom:framework-win-MediaFoundation: 216162199b28c13a410421893ffa2e32 -> 
  custom:CustomObjectIndexerAttribute: 9a22284fe3817be447336de3de66b15e -> 
  custom:container-demuxer-webm: 4f35f7cbe854078d1ac9338744f61a02 -> 
  custom:container-muxer-webm: aa71ff27fc2769a1b78a27578f13a17b -> 
  custom:video-decoder-webm-vp8: 9c59270c3fd7afecdb556c50c9e8de78 -> 
  custom:SearchIndexIgnoredProperties: e643bd26f0fe6173181afceb89e7c659 -> 
  custom:AudioImporter_EditorPlatform: d09bf68614088b80899f8185d706f6e7 -> 
  custom:video-encoder-webm-vp8: eb34c28f22e8b96e1ab97ce403110664 -> 
  custom:audio-decoder-ogg-vorbis: bf7c407c2cedff20999df2af8eb42d56 -> 
  custom:audio-encoder-webm-vorbis: bf7c407c2cedff20999df2af8eb42d56 -> 
========================================================================
Received Prepare
Caller must complete domain reload
Begin MonoManager ReloadAssembly
- Loaded All Assemblies, in  0.682 seconds
Native extension for WindowsStandalone target not found
Native extension for Android target not found
Mono: successfully reloaded assembly
- Finished resetting the current domain, in  1.489 seconds
Domain Reload Profiling: 2166ms
	BeginReloadAssembly (223ms)
		ExecutionOrderSort (0ms)
		DisableScriptedObjects (7ms)
		BackupInstance (0ms)
		ReleaseScriptingObjects (0ms)
		CreateAndSetChildDomain (42ms)
	RebuildCommonClasses (54ms)
	RebuildNativeTypeToScriptingClass (17ms)
	initialDomainReloadingComplete (48ms)
	LoadAllAssembliesAndSetupDomain (334ms)
		LoadAssemblies (442ms)
		RebuildTransferFunctionScriptingTraits (0ms)
		AnalyzeDomain (22ms)
			TypeCache.Refresh (7ms)
				TypeCache.ScanAssembly (0ms)
			ScanForSourceGeneratedMonoScriptInfo (7ms)
			ResolveRequiredComponents (6ms)
	FinalizeReload (1490ms)
		ReleaseScriptCaches (0ms)
		RebuildScriptCaches (0ms)
		SetupLoadedEditorAssemblies (528ms)
			LogAssemblyErrors (0ms)
			InitializePlatformSupportModulesInManaged (15ms)
			SetLoadedEditorAssemblies (2ms)
			RefreshPlugins (0ms)
			BeforeProcessingInitializeOnLoad (54ms)
			ProcessInitializeOnLoadAttributes (433ms)
			ProcessInitializeOnLoadMethodAttributes (16ms)
			AfterProcessingInitializeOnLoad (9ms)
			EditorAssembliesLoaded (0ms)
		ExecutionOrderSort2 (0ms)
		AwakeInstancesAfterBackupRestoration (8ms)
Refreshing native plugins compatible for Editor in 13.32 ms, found 4 plugins.
Preloading 0 native plugins for Editor in 0.00 ms.
Unloading 3149 Unused Serialized files (Serialized files now loaded: 0)
Unloading 14 unused Assets / (28.5 KB). Loaded Objects now: 3668.
Memory consumption went from 120.5 MB to 120.5 MB.
Total: 3.834000 ms (FindLiveObjects: 0.368500 ms CreateObjectMapping: 0.179000 ms MarkObjects: 3.234800 ms  DeleteObjects: 0.049900 ms)

Prepare: number of updated asset objects reloaded= 0
AssetImportParameters requested are different than current active one (requested -> active):
  custom:container-demuxer-ogg: 62fdf1f143b41e24485cea50d1cbac27 -> 
  custom:video-codec-MediaFoundation-h265: 746d11721c4dcdbdad8f713fa42b33f4 -> 
  custom:video-decoder-ogg-theora: a1e56fd34408186e4bbccfd4996cb3dc -> 
  custom:framework-win-MediaFoundation: 216162199b28c13a410421893ffa2e32 -> 
  custom:CustomObjectIndexerAttribute: 9a22284fe3817be447336de3de66b15e -> 
  custom:container-demuxer-webm: 4f35f7cbe854078d1ac9338744f61a02 -> 
  custom:container-muxer-webm: aa71ff27fc2769a1b78a27578f13a17b -> 
  custom:video-decoder-webm-vp8: 9c59270c3fd7afecdb556c50c9e8de78 -> 
  custom:SearchIndexIgnoredProperties: e643bd26f0fe6173181afceb89e7c659 -> 
  custom:AudioImporter_EditorPlatform: d09bf68614088b80899f8185d706f6e7 -> 
  custom:video-encoder-webm-vp8: eb34c28f22e8b96e1ab97ce403110664 -> 
  custom:audio-decoder-ogg-vorbis: bf7c407c2cedff20999df2af8eb42d56 -> 
  custom:audio-encoder-webm-vorbis: bf7c407c2cedff20999df2af8eb42d56 -> 
========================================================================
Received Prepare
Caller must complete domain reload
Begin MonoManager ReloadAssembly
- Loaded All Assemblies, in  0.443 seconds
Native extension for WindowsStandalone target not found
Native extension for Android target not found
Mono: successfully reloaded assembly
- Finished resetting the current domain, in  1.642 seconds
Domain Reload Profiling: 2082ms
	BeginReloadAssembly (142ms)
		ExecutionOrderSort (0ms)
		DisableScriptedObjects (5ms)
		BackupInstance (0ms)
		ReleaseScriptingObjects (0ms)
		CreateAndSetChildDomain (25ms)
	RebuildCommonClasses (31ms)
	RebuildNativeTypeToScriptingClass (8ms)
	initialDomainReloadingComplete (34ms)
	LoadAllAssembliesAndSetupDomain (224ms)
		LoadAssemblies (289ms)
		RebuildTransferFunctionScriptingTraits (0ms)
		AnalyzeDomain (15ms)
			TypeCache.Refresh (6ms)
				TypeCache.ScanAssembly (0ms)
			ScanForSourceGeneratedMonoScriptInfo (0ms)
			ResolveRequiredComponents (6ms)
	FinalizeReload (1643ms)
		ReleaseScriptCaches (0ms)
		RebuildScriptCaches (0ms)
		SetupLoadedEditorAssemblies (884ms)
			LogAssemblyErrors (0ms)
			InitializePlatformSupportModulesInManaged (27ms)
			SetLoadedEditorAssemblies (7ms)
			RefreshPlugins (0ms)
			BeforeProcessingInitializeOnLoad (92ms)
			ProcessInitializeOnLoadAttributes (720ms)
			ProcessInitializeOnLoadMethodAttributes (25ms)
			AfterProcessingInitializeOnLoad (13ms)
			EditorAssembliesLoaded (0ms)
		ExecutionOrderSort2 (0ms)
		AwakeInstancesAfterBackupRestoration (11ms)
Refreshing native plugins compatible for Editor in 16.95 ms, found 4 plugins.
Preloading 0 native plugins for Editor in 0.00 ms.
Unloading 3149 Unused Serialized files (Serialized files now loaded: 0)
Unloading 14 unused Assets / (28.5 KB). Loaded Objects now: 3671.
Memory consumption went from 120.5 MB to 120.5 MB.
Total: 3.730100 ms (FindLiveObjects: 0.327400 ms CreateObjectMapping: 0.065300 ms MarkObjects: 3.280500 ms  DeleteObjects: 0.054700 ms)

Prepare: number of updated asset objects reloaded= 0
AssetImportParameters requested are different than current active one (requested -> active):
  custom:container-demuxer-ogg: 62fdf1f143b41e24485cea50d1cbac27 -> 
  custom:video-codec-MediaFoundation-h265: 746d11721c4dcdbdad8f713fa42b33f4 -> 
  custom:video-decoder-ogg-theora: a1e56fd34408186e4bbccfd4996cb3dc -> 
  custom:framework-win-MediaFoundation: 216162199b28c13a410421893ffa2e32 -> 
  custom:CustomObjectIndexerAttribute: 9a22284fe3817be447336de3de66b15e -> 
  custom:container-demuxer-webm: 4f35f7cbe854078d1ac9338744f61a02 -> 
  custom:container-muxer-webm: aa71ff27fc2769a1b78a27578f13a17b -> 
  custom:video-decoder-webm-vp8: 9c59270c3fd7afecdb556c50c9e8de78 -> 
  custom:SearchIndexIgnoredProperties: e643bd26f0fe6173181afceb89e7c659 -> 
  custom:AudioImporter_EditorPlatform: d09bf68614088b80899f8185d706f6e7 -> 
  custom:video-encoder-webm-vp8: eb34c28f22e8b96e1ab97ce403110664 -> 
  custom:audio-decoder-ogg-vorbis: bf7c407c2cedff20999df2af8eb42d56 -> 
  custom:audio-encoder-webm-vorbis: bf7c407c2cedff20999df2af8eb42d56 -> 
========================================================================
Received Prepare
Caller must complete domain reload
Begin MonoManager ReloadAssembly
- Loaded All Assemblies, in  0.779 seconds
Native extension for WindowsStandalone target not found
Native extension for Android target not found
Mono: successfully reloaded assembly
- Finished resetting the current domain, in  1.582 seconds
Domain Reload Profiling: 2354ms
	BeginReloadAssembly (251ms)
		ExecutionOrderSort (0ms)
		DisableScriptedObjects (8ms)
		BackupInstance (0ms)
		ReleaseScriptingObjects (0ms)
		CreateAndSetChildDomain (45ms)
	RebuildCommonClasses (44ms)
	RebuildNativeTypeToScriptingClass (15ms)
	initialDomainReloadingComplete (43ms)
	LoadAllAssembliesAndSetupDomain (418ms)
		LoadAssemblies (522ms)
		RebuildTransferFunctionScriptingTraits (0ms)
		AnalyzeDomain (42ms)
			TypeCache.Refresh (16ms)
				TypeCache.ScanAssembly (0ms)
			ScanForSourceGeneratedMonoScriptInfo (13ms)
			ResolveRequiredComponents (10ms)
	FinalizeReload (1583ms)
		ReleaseScriptCaches (0ms)
		RebuildScriptCaches (0ms)
		SetupLoadedEditorAssemblies (531ms)
			LogAssemblyErrors (0ms)
			InitializePlatformSupportModulesInManaged (14ms)
			SetLoadedEditorAssemblies (4ms)
			RefreshPlugins (0ms)
			BeforeProcessingInitializeOnLoad (53ms)
			ProcessInitializeOnLoadAttributes (435ms)
			ProcessInitializeOnLoadMethodAttributes (16ms)
			AfterProcessingInitializeOnLoad (8ms)
			EditorAssembliesLoaded (0ms)
		ExecutionOrderSort2 (0ms)
		AwakeInstancesAfterBackupRestoration (8ms)
Refreshing native plugins compatible for Editor in 8.52 ms, found 4 plugins.
Preloading 0 native plugins for Editor in 0.00 ms.
Unloading 3149 Unused Serialized files (Serialized files now loaded: 0)
Unloading 14 unused Assets / (28.5 KB). Loaded Objects now: 3674.
Memory consumption went from 120.5 MB to 120.5 MB.
Total: 2.676900 ms (FindLiveObjects: 0.189600 ms CreateObjectMapping: 0.046200 ms MarkObjects: 2.403600 ms  DeleteObjects: 0.036100 ms)

Prepare: number of updated asset objects reloaded= 0
AssetImportParameters requested are different than current active one (requested -> active):
  custom:container-demuxer-ogg: 62fdf1f143b41e24485cea50d1cbac27 -> 
  custom:video-codec-MediaFoundation-h265: 746d11721c4dcdbdad8f713fa42b33f4 -> 
  custom:video-decoder-ogg-theora: a1e56fd34408186e4bbccfd4996cb3dc -> 
  custom:framework-win-MediaFoundation: 216162199b28c13a410421893ffa2e32 -> 
  custom:CustomObjectIndexerAttribute: 9a22284fe3817be447336de3de66b15e -> 
  custom:container-demuxer-webm: 4f35f7cbe854078d1ac9338744f61a02 -> 
  custom:container-muxer-webm: aa71ff27fc2769a1b78a27578f13a17b -> 
  custom:video-decoder-webm-vp8: 9c59270c3fd7afecdb556c50c9e8de78 -> 
  custom:SearchIndexIgnoredProperties: e643bd26f0fe6173181afceb89e7c659 -> 
  custom:AudioImporter_EditorPlatform: d09bf68614088b80899f8185d706f6e7 -> 
  custom:video-encoder-webm-vp8: eb34c28f22e8b96e1ab97ce403110664 -> 
  custom:audio-decoder-ogg-vorbis: bf7c407c2cedff20999df2af8eb42d56 -> 
  custom:audio-encoder-webm-vorbis: bf7c407c2cedff20999df2af8eb42d56 -> 
========================================================================
Received Import Request.
  Time since last request: 263945.907783 seconds.
  path: Assets/Prefabs/penguin_atack_02.prefab
  artifactKey: Guid(d7b246ba9523dd5419bb5a55790da226) Importer(815301076,1909f56bfc062723c751e8b465ee728b)
Start importing Assets/Prefabs/penguin_atack_02.prefab using Guid(d7b246ba9523dd5419bb5a55790da226) Importer(815301076,1909f56bfc062723c751e8b465ee728b) [PhysX] Initialized MultithreadedTaskDispatcher with 18 workers.
[PhysX] Initialized MultithreadedTaskDispatcher with 18 workers.
 -> (artifact id: '8478b3ee7ecbff64e75218a5dddf4005') in 0.183143 seconds
Number of updated asset objects reloaded before import = 0
Number of asset objects unloaded after import = 18
========================================================================
Received Prepare
Caller must complete domain reload
Begin MonoManager ReloadAssembly
- Loaded All Assemblies, in  0.494 seconds
Native extension for WindowsStandalone target not found
Native extension for Android target not found
Mono: successfully reloaded assembly
- Finished resetting the current domain, in  1.501 seconds
Domain Reload Profiling: 1991ms
	BeginReloadAssembly (154ms)
		ExecutionOrderSort (0ms)
		DisableScriptedObjects (3ms)
		BackupInstance (0ms)
		ReleaseScriptingObjects (0ms)
		CreateAndSetChildDomain (29ms)
	RebuildCommonClasses (25ms)
	RebuildNativeTypeToScriptingClass (10ms)
	initialDomainReloadingComplete (28ms)
	LoadAllAssembliesAndSetupDomain (271ms)
		LoadAssemblies (341ms)
		RebuildTransferFunctionScriptingTraits (0ms)
		AnalyzeDomain (19ms)
			TypeCache.Refresh (6ms)
				TypeCache.ScanAssembly (0ms)
			ScanForSourceGeneratedMonoScriptInfo (0ms)
			ResolveRequiredComponents (11ms)
	FinalizeReload (1502ms)
		ReleaseScriptCaches (0ms)
		RebuildScriptCaches (0ms)
		SetupLoadedEditorAssemblies (780ms)
			LogAssemblyErrors (0ms)
			InitializePlatformSupportModulesInManaged (27ms)
			SetLoadedEditorAssemblies (6ms)
			RefreshPlugins (0ms)
			BeforeProcessingInitializeOnLoad (81ms)
			ProcessInitializeOnLoadAttributes (631ms)
			ProcessInitializeOnLoadMethodAttributes (24ms)
			AfterProcessingInitializeOnLoad (11ms)
			EditorAssembliesLoaded (0ms)
		ExecutionOrderSort2 (0ms)
		AwakeInstancesAfterBackupRestoration (10ms)
Refreshing native plugins compatible for Editor in 11.63 ms, found 4 plugins.
Preloading 0 native plugins for Editor in 0.00 ms.
Unloading 3148 Unused Serialized files (Serialized files now loaded: 0)
Unloading 14 unused Assets / (28.6 KB). Loaded Objects now: 3685.
Memory consumption went from 124.8 MB to 124.8 MB.
Total: 3.852000 ms (FindLiveObjects: 0.426000 ms CreateObjectMapping: 0.092900 ms MarkObjects: 3.278800 ms  DeleteObjects: 0.052700 ms)

Prepare: number of updated asset objects reloaded= 0
AssetImportParameters requested are different than current active one (requested -> active):
  custom:container-demuxer-ogg: 62fdf1f143b41e24485cea50d1cbac27 -> 
  custom:video-codec-MediaFoundation-h265: 746d11721c4dcdbdad8f713fa42b33f4 -> 
  custom:video-decoder-ogg-theora: a1e56fd34408186e4bbccfd4996cb3dc -> 
  custom:framework-win-MediaFoundation: 216162199b28c13a410421893ffa2e32 -> 
  custom:CustomObjectIndexerAttribute: 9a22284fe3817be447336de3de66b15e -> 
  custom:container-demuxer-webm: 4f35f7cbe854078d1ac9338744f61a02 -> 
  custom:container-muxer-webm: aa71ff27fc2769a1b78a27578f13a17b -> 
  custom:video-decoder-webm-vp8: 9c59270c3fd7afecdb556c50c9e8de78 -> 
  custom:SearchIndexIgnoredProperties: e643bd26f0fe6173181afceb89e7c659 -> 
  custom:AudioImporter_EditorPlatform: d09bf68614088b80899f8185d706f6e7 -> 
  custom:video-encoder-webm-vp8: eb34c28f22e8b96e1ab97ce403110664 -> 
  custom:audio-decoder-ogg-vorbis: bf7c407c2cedff20999df2af8eb42d56 -> 
  custom:audio-encoder-webm-vorbis: bf7c407c2cedff20999df2af8eb42d56 -> 
========================================================================
Received Prepare
Caller must complete domain reload
Begin MonoManager ReloadAssembly
- Loaded All Assemblies, in  0.499 seconds
Native extension for WindowsStandalone target not found
Native extension for Android target not found
Mono: successfully reloaded assembly
- Finished resetting the current domain, in  1.473 seconds
Domain Reload Profiling: 1969ms
	BeginReloadAssembly (164ms)
		ExecutionOrderSort (0ms)
		DisableScriptedObjects (5ms)
		BackupInstance (0ms)
		ReleaseScriptingObjects (0ms)
		CreateAndSetChildDomain (28ms)
	RebuildCommonClasses (28ms)
	RebuildNativeTypeToScriptingClass (10ms)
	initialDomainReloadingComplete (34ms)
	LoadAllAssembliesAndSetupDomain (259ms)
		LoadAssemblies (340ms)
		RebuildTransferFunctionScriptingTraits (0ms)
		AnalyzeDomain (13ms)
			TypeCache.Refresh (6ms)
				TypeCache.ScanAssembly (0ms)
			ScanForSourceGeneratedMonoScriptInfo (0ms)
			ResolveRequiredComponents (6ms)
	FinalizeReload (1474ms)
		ReleaseScriptCaches (0ms)
		RebuildScriptCaches (0ms)
		SetupLoadedEditorAssemblies (817ms)
			LogAssemblyErrors (0ms)
			InitializePlatformSupportModulesInManaged (21ms)
			SetLoadedEditorAssemblies (3ms)
			RefreshPlugins (0ms)
			BeforeProcessingInitializeOnLoad (84ms)
			ProcessInitializeOnLoadAttributes (668ms)
			ProcessInitializeOnLoadMethodAttributes (26ms)
			AfterProcessingInitializeOnLoad (13ms)
			EditorAssembliesLoaded (1ms)
		ExecutionOrderSort2 (0ms)
		AwakeInstancesAfterBackupRestoration (16ms)
Refreshing native plugins compatible for Editor in 16.84 ms, found 4 plugins.
Preloading 0 native plugins for Editor in 0.00 ms.
Unloading 3149 Unused Serialized files (Serialized files now loaded: 0)
Unloading 14 unused Assets / (28.5 KB). Loaded Objects now: 3688.
Memory consumption went from 125.0 MB to 125.0 MB.
Total: 3.595900 ms (FindLiveObjects: 0.267300 ms CreateObjectMapping: 0.097300 ms MarkObjects: 3.180700 ms  DeleteObjects: 0.047900 ms)

Prepare: number of updated asset objects reloaded= 0
AssetImportParameters requested are different than current active one (requested -> active):
  custom:container-demuxer-ogg: 62fdf1f143b41e24485cea50d1cbac27 -> 
  custom:video-codec-MediaFoundation-h265: 746d11721c4dcdbdad8f713fa42b33f4 -> 
  custom:video-decoder-ogg-theora: a1e56fd34408186e4bbccfd4996cb3dc -> 
  custom:framework-win-MediaFoundation: 216162199b28c13a410421893ffa2e32 -> 
  custom:CustomObjectIndexerAttribute: 9a22284fe3817be447336de3de66b15e -> 
  custom:container-demuxer-webm: 4f35f7cbe854078d1ac9338744f61a02 -> 
  custom:container-muxer-webm: aa71ff27fc2769a1b78a27578f13a17b -> 
  custom:video-decoder-webm-vp8: 9c59270c3fd7afecdb556c50c9e8de78 -> 
  custom:SearchIndexIgnoredProperties: e643bd26f0fe6173181afceb89e7c659 -> 
  custom:AudioImporter_EditorPlatform: d09bf68614088b80899f8185d706f6e7 -> 
  custom:video-encoder-webm-vp8: eb34c28f22e8b96e1ab97ce403110664 -> 
  custom:audio-decoder-ogg-vorbis: bf7c407c2cedff20999df2af8eb42d56 -> 
  custom:audio-encoder-webm-vorbis: bf7c407c2cedff20999df2af8eb42d56 -> 
========================================================================
Received Prepare
Caller must complete domain reload
Begin MonoManager ReloadAssembly
- Loaded All Assemblies, in  0.750 seconds
Native extension for WindowsStandalone target not found
Native extension for Android target not found
Mono: successfully reloaded assembly
- Finished resetting the current domain, in  1.534 seconds
Domain Reload Profiling: 2276ms
	BeginReloadAssembly (238ms)
		ExecutionOrderSort (0ms)
		DisableScriptedObjects (6ms)
		BackupInstance (0ms)
		ReleaseScriptingObjects (0ms)
		CreateAndSetChildDomain (40ms)
	RebuildCommonClasses (42ms)
	RebuildNativeTypeToScriptingClass (12ms)
	initialDomainReloadingComplete (44ms)
	LoadAllAssembliesAndSetupDomain (405ms)
		LoadAssemblies (515ms)
		RebuildTransferFunctionScriptingTraits (0ms)
		AnalyzeDomain (42ms)
			TypeCache.Refresh (16ms)
				TypeCache.ScanAssembly (0ms)
			ScanForSourceGeneratedMonoScriptInfo (12ms)
			ResolveRequiredComponents (10ms)
	FinalizeReload (1534ms)
		ReleaseScriptCaches (0ms)
		RebuildScriptCaches (0ms)
		SetupLoadedEditorAssemblies (521ms)
			LogAssemblyErrors (0ms)
			InitializePlatformSupportModulesInManaged (16ms)
			SetLoadedEditorAssemblies (4ms)
			RefreshPlugins (0ms)
			BeforeProcessingInitializeOnLoad (57ms)
			ProcessInitializeOnLoadAttributes (422ms)
			ProcessInitializeOnLoadMethodAttributes (14ms)
			AfterProcessingInitializeOnLoad (8ms)
			EditorAssembliesLoaded (0ms)
		ExecutionOrderSort2 (0ms)
		AwakeInstancesAfterBackupRestoration (6ms)
Refreshing native plugins compatible for Editor in 9.88 ms, found 4 plugins.
Preloading 0 native plugins for Editor in 0.00 ms.
Unloading 3149 Unused Serialized files (Serialized files now loaded: 0)
Unloading 14 unused Assets / (28.5 KB). Loaded Objects now: 3691.
Memory consumption went from 125.0 MB to 125.0 MB.
Total: 3.288100 ms (FindLiveObjects: 0.188600 ms CreateObjectMapping: 0.046300 ms MarkObjects: 3.011300 ms  DeleteObjects: 0.040500 ms)

Prepare: number of updated asset objects reloaded= 0
AssetImportParameters requested are different than current active one (requested -> active):
  custom:container-demuxer-ogg: 62fdf1f143b41e24485cea50d1cbac27 -> 
  custom:video-codec-MediaFoundation-h265: 746d11721c4dcdbdad8f713fa42b33f4 -> 
  custom:video-decoder-ogg-theora: a1e56fd34408186e4bbccfd4996cb3dc -> 
  custom:framework-win-MediaFoundation: 216162199b28c13a410421893ffa2e32 -> 
  custom:CustomObjectIndexerAttribute: 9a22284fe3817be447336de3de66b15e -> 
  custom:container-demuxer-webm: 4f35f7cbe854078d1ac9338744f61a02 -> 
  custom:container-muxer-webm: aa71ff27fc2769a1b78a27578f13a17b -> 
  custom:video-decoder-webm-vp8: 9c59270c3fd7afecdb556c50c9e8de78 -> 
  custom:SearchIndexIgnoredProperties: e643bd26f0fe6173181afceb89e7c659 -> 
  custom:AudioImporter_EditorPlatform: d09bf68614088b80899f8185d706f6e7 -> 
  custom:video-encoder-webm-vp8: eb34c28f22e8b96e1ab97ce403110664 -> 
  custom:audio-decoder-ogg-vorbis: bf7c407c2cedff20999df2af8eb42d56 -> 
  custom:audio-encoder-webm-vorbis: bf7c407c2cedff20999df2af8eb42d56 -> 
  custom:scripting/precompiled-assembly-types:Assembly-CSharp: ac09f846167e5bf72f94e8a3fd78b982 -> 0950573ccc79f0d8dd275579e87e265a
========================================================================
Received Prepare
Caller must complete domain reload
Begin MonoManager ReloadAssembly
- Loaded All Assemblies, in  0.458 seconds
Native extension for WindowsStandalone target not found
Native extension for Android target not found
Mono: successfully reloaded assembly
- Finished resetting the current domain, in  1.547 seconds
Domain Reload Profiling: 2001ms
	BeginReloadAssembly (168ms)
		ExecutionOrderSort (0ms)
		DisableScriptedObjects (5ms)
		BackupInstance (0ms)
		ReleaseScriptingObjects (0ms)
		CreateAndSetChildDomain (37ms)
	RebuildCommonClasses (29ms)
	RebuildNativeTypeToScriptingClass (9ms)
	initialDomainReloadingComplete (29ms)
	LoadAllAssembliesAndSetupDomain (217ms)
		LoadAssemblies (293ms)
		RebuildTransferFunctionScriptingTraits (0ms)
		AnalyzeDomain (18ms)
			TypeCache.Refresh (7ms)
				TypeCache.ScanAssembly (0ms)
			ScanForSourceGeneratedMonoScriptInfo (0ms)
			ResolveRequiredComponents (9ms)
	FinalizeReload (1548ms)
		ReleaseScriptCaches (0ms)
		RebuildScriptCaches (0ms)
		SetupLoadedEditorAssemblies (840ms)
			LogAssemblyErrors (0ms)
			InitializePlatformSupportModulesInManaged (25ms)
			SetLoadedEditorAssemblies (5ms)
			RefreshPlugins (0ms)
			BeforeProcessingInitializeOnLoad (88ms)
			ProcessInitializeOnLoadAttributes (689ms)
			ProcessInitializeOnLoadMethodAttributes (25ms)
			AfterProcessingInitializeOnLoad (9ms)
			EditorAssembliesLoaded (0ms)
		ExecutionOrderSort2 (0ms)
		AwakeInstancesAfterBackupRestoration (11ms)
Refreshing native plugins compatible for Editor in 15.75 ms, found 4 plugins.
Preloading 0 native plugins for Editor in 0.00 ms.
Unloading 3149 Unused Serialized files (Serialized files now loaded: 0)
Unloading 14 unused Assets / (28.5 KB). Loaded Objects now: 3694.
Memory consumption went from 125.0 MB to 125.0 MB.
Total: 4.082500 ms (FindLiveObjects: 0.375400 ms CreateObjectMapping: 0.059300 ms MarkObjects: 3.599500 ms  DeleteObjects: 0.046000 ms)

Prepare: number of updated asset objects reloaded= 0
AssetImportParameters requested are different than current active one (requested -> active):
  custom:container-demuxer-ogg: 62fdf1f143b41e24485cea50d1cbac27 -> 
  custom:video-codec-MediaFoundation-h265: 746d11721c4dcdbdad8f713fa42b33f4 -> 
  custom:video-decoder-ogg-theora: a1e56fd34408186e4bbccfd4996cb3dc -> 
  custom:framework-win-MediaFoundation: 216162199b28c13a410421893ffa2e32 -> 
  custom:CustomObjectIndexerAttribute: 9a22284fe3817be447336de3de66b15e -> 
  custom:container-demuxer-webm: 4f35f7cbe854078d1ac9338744f61a02 -> 
  custom:container-muxer-webm: aa71ff27fc2769a1b78a27578f13a17b -> 
  custom:video-decoder-webm-vp8: 9c59270c3fd7afecdb556c50c9e8de78 -> 
  custom:SearchIndexIgnoredProperties: e643bd26f0fe6173181afceb89e7c659 -> 
  custom:AudioImporter_EditorPlatform: d09bf68614088b80899f8185d706f6e7 -> 
  custom:video-encoder-webm-vp8: eb34c28f22e8b96e1ab97ce403110664 -> 
  custom:audio-decoder-ogg-vorbis: bf7c407c2cedff20999df2af8eb42d56 -> 
  custom:audio-encoder-webm-vorbis: bf7c407c2cedff20999df2af8eb42d56 -> 
  custom:scripting/precompiled-assembly-types:Assembly-CSharp: ac09f846167e5bf72f94e8a3fd78b982 -> 0950573ccc79f0d8dd275579e87e265a
========================================================================
Received Import Request.
  Time since last request: 431.278357 seconds.
  path: Assets/Scenes/StartScene.unity
  artifactKey: Guid(088b1b4bf78ba4f4ab0fa2f5e79fac24) Importer(815301076,1909f56bfc062723c751e8b465ee728b)
Start importing Assets/Scenes/StartScene.unity using Guid(088b1b4bf78ba4f4ab0fa2f5e79fac24) Importer(815301076,1909f56bfc062723c751e8b465ee728b) [PhysX] Initialized MultithreadedTaskDispatcher with 18 workers.
 -> (artifact id: '2b1b2392e48fe8d514dd605d19e2e743') in 0.002080 seconds
Number of updated asset objects reloaded before import = 0
Number of asset objects unloaded after import = 0
========================================================================
Received Import Request.
  Time since last request: 803.574847 seconds.
  path: Assets/Scripts/SceneChanger.cs
  artifactKey: Guid(94ca049633dd8ac4d8e2608eba8e2ab0) Importer(815301076,1909f56bfc062723c751e8b465ee728b)
Start importing Assets/Scripts/SceneChanger.cs using Guid(94ca049633dd8ac4d8e2608eba8e2ab0) Importer(815301076,1909f56bfc062723c751e8b465ee728b) [PhysX] Initialized MultithreadedTaskDispatcher with 18 workers.
 -> (artifact id: '0d73f0074d6d959ae64963a5e9a2f5be') in 0.001107 seconds
Number of updated asset objects reloaded before import = 0
Number of asset objects unloaded after import = 0
========================================================================
Received Prepare
Caller must complete domain reload
Begin MonoManager ReloadAssembly
- Loaded All Assemblies, in  0.492 seconds
Native extension for WindowsStandalone target not found
Native extension for Android target not found
Mono: successfully reloaded assembly
- Finished resetting the current domain, in  1.385 seconds
Domain Reload Profiling: 1874ms
	BeginReloadAssembly (153ms)
		ExecutionOrderSort (0ms)
		DisableScriptedObjects (4ms)
		BackupInstance (0ms)
		ReleaseScriptingObjects (0ms)
		CreateAndSetChildDomain (32ms)
	RebuildCommonClasses (32ms)
	RebuildNativeTypeToScriptingClass (12ms)
	initialDomainReloadingComplete (31ms)
	LoadAllAssembliesAndSetupDomain (260ms)
		LoadAssemblies (320ms)
		RebuildTransferFunctionScriptingTraits (0ms)
		AnalyzeDomain (25ms)
			TypeCache.Refresh (9ms)
				TypeCache.ScanAssembly (0ms)
			ScanForSourceGeneratedMonoScriptInfo (9ms)
			ResolveRequiredComponents (5ms)
	FinalizeReload (1386ms)
		ReleaseScriptCaches (0ms)
		RebuildScriptCaches (0ms)
		SetupLoadedEditorAssemblies (667ms)
			LogAssemblyErrors (0ms)
			InitializePlatformSupportModulesInManaged (20ms)
			SetLoadedEditorAssemblies (5ms)
			RefreshPlugins (0ms)
			BeforeProcessingInitializeOnLoad (72ms)
			ProcessInitializeOnLoadAttributes (532ms)
			ProcessInitializeOnLoadMethodAttributes (26ms)
			AfterProcessingInitializeOnLoad (12ms)
			EditorAssembliesLoaded (0ms)
		ExecutionOrderSort2 (0ms)
		AwakeInstancesAfterBackupRestoration (7ms)
Refreshing native plugins compatible for Editor in 18.23 ms, found 4 plugins.
Preloading 0 native plugins for Editor in 0.00 ms.
Unloading 3149 Unused Serialized files (Serialized files now loaded: 0)
Unloading 14 unused Assets / (28.5 KB). Loaded Objects now: 3698.
Memory consumption went from 124.8 MB to 124.8 MB.
Total: 32.358300 ms (FindLiveObjects: 0.263900 ms CreateObjectMapping: 0.205000 ms MarkObjects: 31.815200 ms  DeleteObjects: 0.072300 ms)

Prepare: number of updated asset objects reloaded= 0
AssetImportParameters requested are different than current active one (requested -> active):
  custom:container-demuxer-ogg: 62fdf1f143b41e24485cea50d1cbac27 -> 
  custom:video-codec-MediaFoundation-h265: 746d11721c4dcdbdad8f713fa42b33f4 -> 
  custom:video-decoder-ogg-theora: a1e56fd34408186e4bbccfd4996cb3dc -> 
  custom:framework-win-MediaFoundation: 216162199b28c13a410421893ffa2e32 -> 
  custom:CustomObjectIndexerAttribute: 9a22284fe3817be447336de3de66b15e -> 
  custom:container-demuxer-webm: 4f35f7cbe854078d1ac9338744f61a02 -> 
  custom:container-muxer-webm: aa71ff27fc2769a1b78a27578f13a17b -> 
  custom:video-decoder-webm-vp8: 9c59270c3fd7afecdb556c50c9e8de78 -> 
  custom:SearchIndexIgnoredProperties: e643bd26f0fe6173181afceb89e7c659 -> 
  custom:AudioImporter_EditorPlatform: d09bf68614088b80899f8185d706f6e7 -> 
  custom:video-encoder-webm-vp8: eb34c28f22e8b96e1ab97ce403110664 -> 
  custom:audio-decoder-ogg-vorbis: bf7c407c2cedff20999df2af8eb42d56 -> 
  custom:audio-encoder-webm-vorbis: bf7c407c2cedff20999df2af8eb42d56 -> 
  custom:scripting/monoscript/fileName/SceneChanger.cs: 4bb94d70706032f4bd969ba3ab0024bf -> 
  custom:scripting/precompiled-assembly-types:Assembly-CSharp: a90f33f4fcdf94c1f66fbae121322fcb -> 0950573ccc79f0d8dd275579e87e265a
========================================================================
Received Import Request.
  Time since last request: 10.238102 seconds.
  path: Assets/Scripts/SceneChanger.cs
  artifactKey: Guid(94ca049633dd8ac4d8e2608eba8e2ab0) Importer(815301076,1909f56bfc062723c751e8b465ee728b)
Start importing Assets/Scripts/SceneChanger.cs using Guid(94ca049633dd8ac4d8e2608eba8e2ab0) Importer(815301076,1909f56bfc062723c751e8b465ee728b) [PhysX] Initialized MultithreadedTaskDispatcher with 18 workers.
 -> (artifact id: '56d560af3a783d7ee396eaca2cf794c5') in 0.002131 seconds
Number of updated asset objects reloaded before import = 0
Number of asset objects unloaded after import = 0
========================================================================
Received Prepare
Caller must complete domain reload
Begin MonoManager ReloadAssembly
- Loaded All Assemblies, in  0.763 seconds
Native extension for WindowsStandalone target not found
Native extension for Android target not found
Mono: successfully reloaded assembly
- Finished resetting the current domain, in  1.828 seconds
Domain Reload Profiling: 2584ms
	BeginReloadAssembly (224ms)
		ExecutionOrderSort (0ms)
		DisableScriptedObjects (5ms)
		BackupInstance (0ms)
		ReleaseScriptingObjects (0ms)
		CreateAndSetChildDomain (37ms)
	RebuildCommonClasses (55ms)
	RebuildNativeTypeToScriptingClass (16ms)
	initialDomainReloadingComplete (43ms)
	LoadAllAssembliesAndSetupDomain (416ms)
		LoadAssemblies (512ms)
		RebuildTransferFunctionScriptingTraits (0ms)
		AnalyzeDomain (38ms)
			TypeCache.Refresh (14ms)
				TypeCache.ScanAssembly (0ms)
			ScanForSourceGeneratedMonoScriptInfo (11ms)
			ResolveRequiredComponents (10ms)
	FinalizeReload (1829ms)
		ReleaseScriptCaches (0ms)
		RebuildScriptCaches (0ms)
		SetupLoadedEditorAssemblies (873ms)
			LogAssemblyErrors (0ms)
			InitializePlatformSupportModulesInManaged (28ms)
			SetLoadedEditorAssemblies (7ms)
			RefreshPlugins (0ms)
			BeforeProcessingInitializeOnLoad (90ms)
			ProcessInitializeOnLoadAttributes (710ms)
			ProcessInitializeOnLoadMethodAttributes (26ms)
			AfterProcessingInitializeOnLoad (12ms)
			EditorAssembliesLoaded (0ms)
		ExecutionOrderSort2 (0ms)
		AwakeInstancesAfterBackupRestoration (11ms)
Refreshing native plugins compatible for Editor in 15.11 ms, found 4 plugins.
Preloading 0 native plugins for Editor in 0.00 ms.
Unloading 3149 Unused Serialized files (Serialized files now loaded: 0)
Unloading 14 unused Assets / (28.5 KB). Loaded Objects now: 3701.
Memory consumption went from 124.8 MB to 124.8 MB.
Total: 3.402200 ms (FindLiveObjects: 0.248700 ms CreateObjectMapping: 0.057200 ms MarkObjects: 2.999900 ms  DeleteObjects: 0.095300 ms)

Prepare: number of updated asset objects reloaded= 0
AssetImportParameters requested are different than current active one (requested -> active):
  custom:container-demuxer-ogg: 62fdf1f143b41e24485cea50d1cbac27 -> 
  custom:video-codec-MediaFoundation-h265: 746d11721c4dcdbdad8f713fa42b33f4 -> 
  custom:video-decoder-ogg-theora: a1e56fd34408186e4bbccfd4996cb3dc -> 
  custom:framework-win-MediaFoundation: 216162199b28c13a410421893ffa2e32 -> 
  custom:CustomObjectIndexerAttribute: 9a22284fe3817be447336de3de66b15e -> 
  custom:container-demuxer-webm: 4f35f7cbe854078d1ac9338744f61a02 -> 
  custom:container-muxer-webm: aa71ff27fc2769a1b78a27578f13a17b -> 
  custom:video-decoder-webm-vp8: 9c59270c3fd7afecdb556c50c9e8de78 -> 
  custom:SearchIndexIgnoredProperties: e643bd26f0fe6173181afceb89e7c659 -> 
  custom:AudioImporter_EditorPlatform: d09bf68614088b80899f8185d706f6e7 -> 
  custom:video-encoder-webm-vp8: eb34c28f22e8b96e1ab97ce403110664 -> 
  custom:audio-decoder-ogg-vorbis: bf7c407c2cedff20999df2af8eb42d56 -> 
  custom:audio-encoder-webm-vorbis: bf7c407c2cedff20999df2af8eb42d56 -> 
  custom:scripting/monoscript/fileName/SceneChanger.cs: 4bb94d70706032f4bd969ba3ab0024bf -> 
  custom:scripting/precompiled-assembly-types:Assembly-CSharp: a90f33f4fcdf94c1f66fbae121322fcb -> 0950573ccc79f0d8dd275579e87e265a
========================================================================
Received Import Request.
  Time since last request: 100.779212 seconds.
  path: Assets/Scripts/SceneChanger.cs
  artifactKey: Guid(94ca049633dd8ac4d8e2608eba8e2ab0) Importer(815301076,1909f56bfc062723c751e8b465ee728b)
Start importing Assets/Scripts/SceneChanger.cs using Guid(94ca049633dd8ac4d8e2608eba8e2ab0) Importer(815301076,1909f56bfc062723c751e8b465ee728b) [PhysX] Initialized MultithreadedTaskDispatcher with 18 workers.
 -> (artifact id: '201c78dade1be5f14c1b25eca9951e59') in 0.003017 seconds
Number of updated asset objects reloaded before import = 0
Number of asset objects unloaded after import = 0
========================================================================
Received Prepare
Caller must complete domain reload
Begin MonoManager ReloadAssembly
- Loaded All Assemblies, in  0.455 seconds
Native extension for WindowsStandalone target not found
Native extension for Android target not found
Mono: successfully reloaded assembly
- Finished resetting the current domain, in  1.441 seconds
Domain Reload Profiling: 1892ms
	BeginReloadAssembly (139ms)
		ExecutionOrderSort (0ms)
		DisableScriptedObjects (4ms)
		BackupInstance (0ms)
		ReleaseScriptingObjects (0ms)
		CreateAndSetChildDomain (29ms)
	RebuildCommonClasses (31ms)
	RebuildNativeTypeToScriptingClass (8ms)
	initialDomainReloadingComplete (27ms)
	LoadAllAssembliesAndSetupDomain (245ms)
		LoadAssemblies (305ms)
		RebuildTransferFunctionScriptingTraits (0ms)
		AnalyzeDomain (16ms)
			TypeCache.Refresh (8ms)
				TypeCache.ScanAssembly (0ms)
			ScanForSourceGeneratedMonoScriptInfo (0ms)
			ResolveRequiredComponents (6ms)
	FinalizeReload (1441ms)
		ReleaseScriptCaches (0ms)
		RebuildScriptCaches (0ms)
		SetupLoadedEditorAssemblies (756ms)
			LogAssemblyErrors (0ms)
			InitializePlatformSupportModulesInManaged (24ms)
			SetLoadedEditorAssemblies (6ms)
			RefreshPlugins (0ms)
			BeforeProcessingInitializeOnLoad (77ms)
			ProcessInitializeOnLoadAttributes (616ms)
			ProcessInitializeOnLoadMethodAttributes (22ms)
			AfterProcessingInitializeOnLoad (10ms)
			EditorAssembliesLoaded (0ms)
		ExecutionOrderSort2 (0ms)
		AwakeInstancesAfterBackupRestoration (9ms)
Refreshing native plugins compatible for Editor in 12.64 ms, found 4 plugins.
Preloading 0 native plugins for Editor in 0.00 ms.
Unloading 3149 Unused Serialized files (Serialized files now loaded: 0)
Unloading 14 unused Assets / (28.5 KB). Loaded Objects now: 3704.
Memory consumption went from 124.8 MB to 124.8 MB.
Total: 3.600800 ms (FindLiveObjects: 0.298900 ms CreateObjectMapping: 0.075600 ms MarkObjects: 3.156300 ms  DeleteObjects: 0.068600 ms)

Prepare: number of updated asset objects reloaded= 0
AssetImportParameters requested are different than current active one (requested -> active):
  custom:container-demuxer-ogg: 62fdf1f143b41e24485cea50d1cbac27 -> 
  custom:video-codec-MediaFoundation-h265: 746d11721c4dcdbdad8f713fa42b33f4 -> 
  custom:video-decoder-ogg-theora: a1e56fd34408186e4bbccfd4996cb3dc -> 
  custom:framework-win-MediaFoundation: 216162199b28c13a410421893ffa2e32 -> 
  custom:CustomObjectIndexerAttribute: 9a22284fe3817be447336de3de66b15e -> 
  custom:container-demuxer-webm: 4f35f7cbe854078d1ac9338744f61a02 -> 
  custom:container-muxer-webm: aa71ff27fc2769a1b78a27578f13a17b -> 
  custom:video-decoder-webm-vp8: 9c59270c3fd7afecdb556c50c9e8de78 -> 
  custom:SearchIndexIgnoredProperties: e643bd26f0fe6173181afceb89e7c659 -> 
  custom:AudioImporter_EditorPlatform: d09bf68614088b80899f8185d706f6e7 -> 
  custom:video-encoder-webm-vp8: eb34c28f22e8b96e1ab97ce403110664 -> 
  custom:audio-decoder-ogg-vorbis: bf7c407c2cedff20999df2af8eb42d56 -> 
  custom:audio-encoder-webm-vorbis: bf7c407c2cedff20999df2af8eb42d56 -> 
  custom:scripting/monoscript/fileName/SceneChanger.cs: 4bb94d70706032f4bd969ba3ab0024bf -> 
  custom:scripting/precompiled-assembly-types:Assembly-CSharp: a90f33f4fcdf94c1f66fbae121322fcb -> 0950573ccc79f0d8dd275579e87e265a
========================================================================
Received Prepare
Caller must complete domain reload
Begin MonoManager ReloadAssembly
- Loaded All Assemblies, in  0.436 seconds
Native extension for WindowsStandalone target not found
Native extension for Android target not found
Mono: successfully reloaded assembly
- Finished resetting the current domain, in  1.538 seconds
Domain Reload Profiling: 1972ms
	BeginReloadAssembly (147ms)
		ExecutionOrderSort (0ms)
		DisableScriptedObjects (4ms)
		BackupInstance (0ms)
		ReleaseScriptingObjects (0ms)
		CreateAndSetChildDomain (27ms)
	RebuildCommonClasses (32ms)
	RebuildNativeTypeToScriptingClass (8ms)
	initialDomainReloadingComplete (25ms)
	LoadAllAssembliesAndSetupDomain (221ms)
		LoadAssemblies (288ms)
		RebuildTransferFunctionScriptingTraits (0ms)
		AnalyzeDomain (16ms)
			TypeCache.Refresh (8ms)
				TypeCache.ScanAssembly (0ms)
			ScanForSourceGeneratedMonoScriptInfo (0ms)
			ResolveRequiredComponents (6ms)
	FinalizeReload (1539ms)
		ReleaseScriptCaches (0ms)
		RebuildScriptCaches (0ms)
		SetupLoadedEditorAssemblies (781ms)
			LogAssemblyErrors (0ms)
			InitializePlatformSupportModulesInManaged (27ms)
			SetLoadedEditorAssemblies (4ms)
			RefreshPlugins (0ms)
			BeforeProcessingInitializeOnLoad (79ms)
			ProcessInitializeOnLoadAttributes (635ms)
			ProcessInitializeOnLoadMethodAttributes (24ms)
			AfterProcessingInitializeOnLoad (11ms)
			EditorAssembliesLoaded (0ms)
		ExecutionOrderSort2 (0ms)
		AwakeInstancesAfterBackupRestoration (11ms)
Refreshing native plugins compatible for Editor in 13.06 ms, found 4 plugins.
Preloading 0 native plugins for Editor in 0.00 ms.
Unloading 3150 Unused Serialized files (Serialized files now loaded: 0)
Unloading 14 unused Assets / (28.5 KB). Loaded Objects now: 3707.
Memory consumption went from 125.1 MB to 125.0 MB.
Total: 3.457200 ms (FindLiveObjects: 0.314800 ms CreateObjectMapping: 0.067400 ms MarkObjects: 3.009300 ms  DeleteObjects: 0.064100 ms)

Prepare: number of updated asset objects reloaded= 0
AssetImportParameters requested are different than current active one (requested -> active):
  custom:container-demuxer-ogg: 62fdf1f143b41e24485cea50d1cbac27 -> 
  custom:video-codec-MediaFoundation-h265: 746d11721c4dcdbdad8f713fa42b33f4 -> 
  custom:video-decoder-ogg-theora: a1e56fd34408186e4bbccfd4996cb3dc -> 
  custom:framework-win-MediaFoundation: 216162199b28c13a410421893ffa2e32 -> 
  custom:CustomObjectIndexerAttribute: 9a22284fe3817be447336de3de66b15e -> 
  custom:container-demuxer-webm: 4f35f7cbe854078d1ac9338744f61a02 -> 
  custom:container-muxer-webm: aa71ff27fc2769a1b78a27578f13a17b -> 
  custom:video-decoder-webm-vp8: 9c59270c3fd7afecdb556c50c9e8de78 -> 
  custom:SearchIndexIgnoredProperties: e643bd26f0fe6173181afceb89e7c659 -> 
  custom:AudioImporter_EditorPlatform: d09bf68614088b80899f8185d706f6e7 -> 
  custom:video-encoder-webm-vp8: eb34c28f22e8b96e1ab97ce403110664 -> 
  custom:audio-decoder-ogg-vorbis: bf7c407c2cedff20999df2af8eb42d56 -> 
  custom:audio-encoder-webm-vorbis: bf7c407c2cedff20999df2af8eb42d56 -> 
  custom:scripting/monoscript/fileName/SceneChanger.cs: 4bb94d70706032f4bd969ba3ab0024bf -> 
  custom:scripting/precompiled-assembly-types:Assembly-CSharp: a90f33f4fcdf94c1f66fbae121322fcb -> 0950573ccc79f0d8dd275579e87e265a
========================================================================
Received Prepare
Caller must complete domain reload
Begin MonoManager ReloadAssembly
- Loaded All Assemblies, in  0.451 seconds
Native extension for WindowsStandalone target not found
Native extension for Android target not found
Mono: successfully reloaded assembly
- Finished resetting the current domain, in  1.511 seconds
Domain Reload Profiling: 1959ms
	BeginReloadAssembly (150ms)
		ExecutionOrderSort (0ms)
		DisableScriptedObjects (4ms)
		BackupInstance (0ms)
		ReleaseScriptingObjects (0ms)
		CreateAndSetChildDomain (27ms)
	RebuildCommonClasses (30ms)
	RebuildNativeTypeToScriptingClass (8ms)
	initialDomainReloadingComplete (27ms)
	LoadAllAssembliesAndSetupDomain (233ms)
		LoadAssemblies (299ms)
		RebuildTransferFunctionScriptingTraits (0ms)
		AnalyzeDomain (15ms)
			TypeCache.Refresh (8ms)
				TypeCache.ScanAssembly (0ms)
			ScanForSourceGeneratedMonoScriptInfo (0ms)
			ResolveRequiredComponents (5ms)
	FinalizeReload (1512ms)
		ReleaseScriptCaches (0ms)
		RebuildScriptCaches (0ms)
		SetupLoadedEditorAssemblies (786ms)
			LogAssemblyErrors (0ms)
			InitializePlatformSupportModulesInManaged (29ms)
			SetLoadedEditorAssemblies (5ms)
			RefreshPlugins (0ms)
			BeforeProcessingInitializeOnLoad (84ms)
			ProcessInitializeOnLoadAttributes (635ms)
			ProcessInitializeOnLoadMethodAttributes (24ms)
			AfterProcessingInitializeOnLoad (9ms)
			EditorAssembliesLoaded (0ms)
		ExecutionOrderSort2 (0ms)
		AwakeInstancesAfterBackupRestoration (10ms)
Refreshing native plugins compatible for Editor in 15.00 ms, found 4 plugins.
Preloading 0 native plugins for Editor in 0.00 ms.
Unloading 3150 Unused Serialized files (Serialized files now loaded: 0)
Unloading 14 unused Assets / (28.5 KB). Loaded Objects now: 3710.
Memory consumption went from 125.1 MB to 125.1 MB.
Total: 4.889100 ms (FindLiveObjects: 0.577500 ms CreateObjectMapping: 0.392600 ms MarkObjects: 3.865300 ms  DeleteObjects: 0.051900 ms)

Prepare: number of updated asset objects reloaded= 0
AssetImportParameters requested are different than current active one (requested -> active):
  custom:container-demuxer-ogg: 62fdf1f143b41e24485cea50d1cbac27 -> 
  custom:video-codec-MediaFoundation-h265: 746d11721c4dcdbdad8f713fa42b33f4 -> 
  custom:video-decoder-ogg-theora: a1e56fd34408186e4bbccfd4996cb3dc -> 
  custom:framework-win-MediaFoundation: 216162199b28c13a410421893ffa2e32 -> 
  custom:CustomObjectIndexerAttribute: 9a22284fe3817be447336de3de66b15e -> 
  custom:container-demuxer-webm: 4f35f7cbe854078d1ac9338744f61a02 -> 
  custom:container-muxer-webm: aa71ff27fc2769a1b78a27578f13a17b -> 
  custom:video-decoder-webm-vp8: 9c59270c3fd7afecdb556c50c9e8de78 -> 
  custom:SearchIndexIgnoredProperties: e643bd26f0fe6173181afceb89e7c659 -> 
  custom:AudioImporter_EditorPlatform: d09bf68614088b80899f8185d706f6e7 -> 
  custom:video-encoder-webm-vp8: eb34c28f22e8b96e1ab97ce403110664 -> 
  custom:audio-decoder-ogg-vorbis: bf7c407c2cedff20999df2af8eb42d56 -> 
  custom:audio-encoder-webm-vorbis: bf7c407c2cedff20999df2af8eb42d56 -> 
  custom:scripting/monoscript/fileName/SceneChanger.cs: 4bb94d70706032f4bd969ba3ab0024bf -> 
  custom:scripting/precompiled-assembly-types:Assembly-CSharp: a90f33f4fcdf94c1f66fbae121322fcb -> 0950573ccc79f0d8dd275579e87e265a
========================================================================
Received Prepare
Caller must complete domain reload
Begin MonoManager ReloadAssembly
- Loaded All Assemblies, in  0.456 seconds
Native extension for WindowsStandalone target not found
Native extension for Android target not found
Mono: successfully reloaded assembly
- Finished resetting the current domain, in  1.518 seconds
Domain Reload Profiling: 1971ms
	BeginReloadAssembly (152ms)
		ExecutionOrderSort (0ms)
		DisableScriptedObjects (3ms)
		BackupInstance (0ms)
		ReleaseScriptingObjects (0ms)
		CreateAndSetChildDomain (32ms)
	RebuildCommonClasses (33ms)
	RebuildNativeTypeToScriptingClass (13ms)
	initialDomainReloadingComplete (30ms)
	LoadAllAssembliesAndSetupDomain (224ms)
		LoadAssemblies (296ms)
		RebuildTransferFunctionScriptingTraits (0ms)
		AnalyzeDomain (12ms)
			TypeCache.Refresh (7ms)
				TypeCache.ScanAssembly (0ms)
			ScanForSourceGeneratedMonoScriptInfo (0ms)
			ResolveRequiredComponents (4ms)
	FinalizeReload (1519ms)
		ReleaseScriptCaches (0ms)
		RebuildScriptCaches (0ms)
		SetupLoadedEditorAssemblies (773ms)
			LogAssemblyErrors (0ms)
			InitializePlatformSupportModulesInManaged (25ms)
			SetLoadedEditorAssemblies (7ms)
			RefreshPlugins (0ms)
			BeforeProcessingInitializeOnLoad (88ms)
			ProcessInitializeOnLoadAttributes (624ms)
			ProcessInitializeOnLoadMethodAttributes (18ms)
			AfterProcessingInitializeOnLoad (11ms)
			EditorAssembliesLoaded (0ms)
		ExecutionOrderSort2 (0ms)
		AwakeInstancesAfterBackupRestoration (10ms)
Refreshing native plugins compatible for Editor in 14.90 ms, found 4 plugins.
Preloading 0 native plugins for Editor in 0.00 ms.
Unloading 3150 Unused Serialized files (Serialized files now loaded: 0)
Unloading 14 unused Assets / (28.5 KB). Loaded Objects now: 3713.
Memory consumption went from 125.1 MB to 125.1 MB.
Total: 4.090600 ms (FindLiveObjects: 0.222800 ms CreateObjectMapping: 0.053600 ms MarkObjects: 3.760000 ms  DeleteObjects: 0.053000 ms)

Prepare: number of updated asset objects reloaded= 0
AssetImportParameters requested are different than current active one (requested -> active):
  custom:container-demuxer-ogg: 62fdf1f143b41e24485cea50d1cbac27 -> 
  custom:video-codec-MediaFoundation-h265: 746d11721c4dcdbdad8f713fa42b33f4 -> 
  custom:video-decoder-ogg-theora: a1e56fd34408186e4bbccfd4996cb3dc -> 
  custom:framework-win-MediaFoundation: 216162199b28c13a410421893ffa2e32 -> 
  custom:CustomObjectIndexerAttribute: 9a22284fe3817be447336de3de66b15e -> 
  custom:container-demuxer-webm: 4f35f7cbe854078d1ac9338744f61a02 -> 
  custom:container-muxer-webm: aa71ff27fc2769a1b78a27578f13a17b -> 
  custom:video-decoder-webm-vp8: 9c59270c3fd7afecdb556c50c9e8de78 -> 
  custom:SearchIndexIgnoredProperties: e643bd26f0fe6173181afceb89e7c659 -> 
  custom:AudioImporter_EditorPlatform: d09bf68614088b80899f8185d706f6e7 -> 
  custom:video-encoder-webm-vp8: eb34c28f22e8b96e1ab97ce403110664 -> 
  custom:audio-decoder-ogg-vorbis: bf7c407c2cedff20999df2af8eb42d56 -> 
  custom:audio-encoder-webm-vorbis: bf7c407c2cedff20999df2af8eb42d56 -> 
  custom:scripting/monoscript/fileName/SceneChanger.cs: 4bb94d70706032f4bd969ba3ab0024bf -> 
  custom:scripting/precompiled-assembly-types:Assembly-CSharp: a90f33f4fcdf94c1f66fbae121322fcb -> 0950573ccc79f0d8dd275579e87e265a
========================================================================
Received Import Request.
  Time since last request: 365.715911 seconds.
  path: Assets/Scenes/DongScene.unity
  artifactKey: Guid(d96f4d3d887987e43b3e34ebc6977759) Importer(815301076,1909f56bfc062723c751e8b465ee728b)
Start importing Assets/Scenes/DongScene.unity using Guid(d96f4d3d887987e43b3e34ebc6977759) Importer(815301076,1909f56bfc062723c751e8b465ee728b) [PhysX] Initialized MultithreadedTaskDispatcher with 18 workers.
 -> (artifact id: 'a56fe58aadc6e4c0317084490c29c116') in 0.002543 seconds
Number of updated asset objects reloaded before import = 0
Number of asset objects unloaded after import = 0
========================================================================
Received Import Request.
  Time since last request: 211.334379 seconds.
  path: Assets/Scenes/StartScene.unity
  artifactKey: Guid(088b1b4bf78ba4f4ab0fa2f5e79fac24) Importer(815301076,1909f56bfc062723c751e8b465ee728b)
Start importing Assets/Scenes/StartScene.unity using Guid(088b1b4bf78ba4f4ab0fa2f5e79fac24) Importer(815301076,1909f56bfc062723c751e8b465ee728b) [PhysX] Initialized MultithreadedTaskDispatcher with 18 workers.
 -> (artifact id: '6a612fc3d1647f8235e5c807e14a15b9') in 0.001041 seconds
Number of updated asset objects reloaded before import = 0
Number of asset objects unloaded after import = 0
========================================================================
Received Import Request.
  Time since last request: 22.569310 seconds.
  path: Assets/Scenes/DongScene.unity
  artifactKey: Guid(d96f4d3d887987e43b3e34ebc6977759) Importer(815301076,1909f56bfc062723c751e8b465ee728b)
Start importing Assets/Scenes/DongScene.unity using Guid(d96f4d3d887987e43b3e34ebc6977759) Importer(815301076,1909f56bfc062723c751e8b465ee728b) [PhysX] Initialized MultithreadedTaskDispatcher with 18 workers.
 -> (artifact id: '85377343191d3c4752742349d46ac961') in 0.000678 seconds
Number of updated asset objects reloaded before import = 0
Number of asset objects unloaded after import = 0
========================================================================
Received Import Request.
  Time since last request: 399.837780 seconds.
  path: Assets/Scripts/GameManager.cs
  artifactKey: Guid(a0931e6d58629fa43933f39a37fcd74b) Importer(815301076,1909f56bfc062723c751e8b465ee728b)
Start importing Assets/Scripts/GameManager.cs using Guid(a0931e6d58629fa43933f39a37fcd74b) Importer(815301076,1909f56bfc062723c751e8b465ee728b) [PhysX] Initialized MultithreadedTaskDispatcher with 18 workers.
 -> (artifact id: 'b7c5b7bafb8a2e1b8c92f0aa1a8496ec') in 0.000887 seconds
Number of updated asset objects reloaded before import = 0
Number of asset objects unloaded after import = 0
========================================================================
Received Prepare
Caller must complete domain reload
Begin MonoManager ReloadAssembly
- Loaded All Assemblies, in  0.497 seconds
Native extension for WindowsStandalone target not found
Native extension for Android target not found
Mono: successfully reloaded assembly
- Finished resetting the current domain, in  1.330 seconds
Domain Reload Profiling: 1819ms
	BeginReloadAssembly (161ms)
		ExecutionOrderSort (0ms)
		DisableScriptedObjects (4ms)
		BackupInstance (0ms)
		ReleaseScriptingObjects (0ms)
		CreateAndSetChildDomain (29ms)
	RebuildCommonClasses (28ms)
	RebuildNativeTypeToScriptingClass (9ms)
	initialDomainReloadingComplete (33ms)
	LoadAllAssembliesAndSetupDomain (256ms)
		LoadAssemblies (334ms)
		RebuildTransferFunctionScriptingTraits (0ms)
		AnalyzeDomain (21ms)
			TypeCache.Refresh (7ms)
				TypeCache.ScanAssembly (0ms)
			ScanForSourceGeneratedMonoScriptInfo (7ms)
			ResolveRequiredComponents (5ms)
	FinalizeReload (1331ms)
		ReleaseScriptCaches (0ms)
		RebuildScriptCaches (0ms)
		SetupLoadedEditorAssemblies (596ms)
			LogAssemblyErrors (0ms)
			InitializePlatformSupportModulesInManaged (30ms)
			SetLoadedEditorAssemblies (3ms)
			RefreshPlugins (0ms)
			BeforeProcessingInitializeOnLoad (64ms)
			ProcessInitializeOnLoadAttributes (472ms)
			ProcessInitializeOnLoadMethodAttributes (18ms)
			AfterProcessingInitializeOnLoad (8ms)
			EditorAssembliesLoaded (0ms)
		ExecutionOrderSort2 (0ms)
		AwakeInstancesAfterBackupRestoration (7ms)
Refreshing native plugins compatible for Editor in 11.44 ms, found 4 plugins.
Preloading 0 native plugins for Editor in 0.00 ms.
Unloading 3150 Unused Serialized files (Serialized files now loaded: 0)
Unloading 14 unused Assets / (28.5 KB). Loaded Objects now: 3717.
Memory consumption went from 124.8 MB to 124.8 MB.
Total: 5.039300 ms (FindLiveObjects: 0.232900 ms CreateObjectMapping: 0.059800 ms MarkObjects: 4.686000 ms  DeleteObjects: 0.059100 ms)

Prepare: number of updated asset objects reloaded= 0
AssetImportParameters requested are different than current active one (requested -> active):
  custom:container-demuxer-ogg: 62fdf1f143b41e24485cea50d1cbac27 -> 
  custom:scripting/monoscript/fileName/GameManager.cs: 9933fbcc6190e2a9171c2ec8808a053e -> 
  custom:video-codec-MediaFoundation-h265: 746d11721c4dcdbdad8f713fa42b33f4 -> 
  custom:video-decoder-ogg-theora: a1e56fd34408186e4bbccfd4996cb3dc -> 
  custom:framework-win-MediaFoundation: 216162199b28c13a410421893ffa2e32 -> 
  custom:CustomObjectIndexerAttribute: 9a22284fe3817be447336de3de66b15e -> 
  custom:container-demuxer-webm: 4f35f7cbe854078d1ac9338744f61a02 -> 
  custom:container-muxer-webm: aa71ff27fc2769a1b78a27578f13a17b -> 
  custom:video-decoder-webm-vp8: 9c59270c3fd7afecdb556c50c9e8de78 -> 
  custom:SearchIndexIgnoredProperties: e643bd26f0fe6173181afceb89e7c659 -> 
  custom:AudioImporter_EditorPlatform: d09bf68614088b80899f8185d706f6e7 -> 
  custom:video-encoder-webm-vp8: eb34c28f22e8b96e1ab97ce403110664 -> 
  custom:audio-decoder-ogg-vorbis: bf7c407c2cedff20999df2af8eb42d56 -> 
  custom:audio-encoder-webm-vorbis: bf7c407c2cedff20999df2af8eb42d56 -> 
  custom:scripting/monoscript/fileName/SceneChanger.cs: 4bb94d70706032f4bd969ba3ab0024bf -> 
  custom:scripting/precompiled-assembly-types:Assembly-CSharp: 656800a52afbda3433a56b1a635e9eeb -> 0950573ccc79f0d8dd275579e87e265a
========================================================================
Received Import Request.
  Time since last request: 7.074760 seconds.
  path: Assets/Scripts/GameManager.cs
  artifactKey: Guid(a0931e6d58629fa43933f39a37fcd74b) Importer(815301076,1909f56bfc062723c751e8b465ee728b)
Start importing Assets/Scripts/GameManager.cs using Guid(a0931e6d58629fa43933f39a37fcd74b) Importer(815301076,1909f56bfc062723c751e8b465ee728b) [PhysX] Initialized MultithreadedTaskDispatcher with 18 workers.
 -> (artifact id: 'f5a6e967fb7d0e6d7fbaa2ddd0bb3546') in 0.002641 seconds
Number of updated asset objects reloaded before import = 0
Number of asset objects unloaded after import = 0
========================================================================
Received Import Request.
  Time since last request: 562.648411 seconds.
  path: Assets/Scripts/GameManager.cs
  artifactKey: Guid(a0931e6d58629fa43933f39a37fcd74b) Importer(815301076,1909f56bfc062723c751e8b465ee728b)
Start importing Assets/Scripts/GameManager.cs using Guid(a0931e6d58629fa43933f39a37fcd74b) Importer(815301076,1909f56bfc062723c751e8b465ee728b) [PhysX] Initialized MultithreadedTaskDispatcher with 18 workers.
 -> (artifact id: 'bc971ae5cd2f6a046441284248329ab3') in 0.001373 seconds
Number of updated asset objects reloaded before import = 0
Number of asset objects unloaded after import = 0
========================================================================
Received Prepare
Caller must complete domain reload
Begin MonoManager ReloadAssembly
- Loaded All Assemblies, in  0.852 seconds
Native extension for WindowsStandalone target not found
Native extension for Android target not found
Mono: successfully reloaded assembly
- Finished resetting the current domain, in  1.254 seconds
Domain Reload Profiling: 2097ms
	BeginReloadAssembly (277ms)
		ExecutionOrderSort (0ms)
		DisableScriptedObjects (8ms)
		BackupInstance (0ms)
		ReleaseScriptingObjects (0ms)
		CreateAndSetChildDomain (60ms)
	RebuildCommonClasses (53ms)
	RebuildNativeTypeToScriptingClass (14ms)
	initialDomainReloadingComplete (43ms)
	LoadAllAssembliesAndSetupDomain (456ms)
		LoadAssemblies (577ms)
		RebuildTransferFunctionScriptingTraits (0ms)
		AnalyzeDomain (36ms)
			TypeCache.Refresh (11ms)
				TypeCache.ScanAssembly (0ms)
			ScanForSourceGeneratedMonoScriptInfo (10ms)
			ResolveRequiredComponents (11ms)
	FinalizeReload (1255ms)
		ReleaseScriptCaches (0ms)
		RebuildScriptCaches (0ms)
		SetupLoadedEditorAssemblies (498ms)
			LogAssemblyErrors (0ms)
			InitializePlatformSupportModulesInManaged (16ms)
			SetLoadedEditorAssemblies (4ms)
			RefreshPlugins (0ms)
			BeforeProcessingInitializeOnLoad (50ms)
			ProcessInitializeOnLoadAttributes (406ms)
			ProcessInitializeOnLoadMethodAttributes (15ms)
			AfterProcessingInitializeOnLoad (7ms)
			EditorAssembliesLoaded (0ms)
		ExecutionOrderSort2 (0ms)
		AwakeInstancesAfterBackupRestoration (6ms)
Refreshing native plugins compatible for Editor in 10.29 ms, found 4 plugins.
Preloading 0 native plugins for Editor in 0.00 ms.
Unloading 3150 Unused Serialized files (Serialized files now loaded: 0)
Unloading 14 unused Assets / (28.5 KB). Loaded Objects now: 3720.
Memory consumption went from 124.8 MB to 124.8 MB.
Total: 2.944000 ms (FindLiveObjects: 0.226400 ms CreateObjectMapping: 0.058100 ms MarkObjects: 2.622800 ms  DeleteObjects: 0.036000 ms)

Prepare: number of updated asset objects reloaded= 0
AssetImportParameters requested are different than current active one (requested -> active):
  custom:container-demuxer-ogg: 62fdf1f143b41e24485cea50d1cbac27 -> 
  custom:scripting/monoscript/fileName/GameManager.cs: 9933fbcc6190e2a9171c2ec8808a053e -> 
  custom:video-codec-MediaFoundation-h265: 746d11721c4dcdbdad8f713fa42b33f4 -> 
  custom:video-decoder-ogg-theora: a1e56fd34408186e4bbccfd4996cb3dc -> 
  custom:framework-win-MediaFoundation: 216162199b28c13a410421893ffa2e32 -> 
  custom:CustomObjectIndexerAttribute: 9a22284fe3817be447336de3de66b15e -> 
  custom:container-demuxer-webm: 4f35f7cbe854078d1ac9338744f61a02 -> 
  custom:container-muxer-webm: aa71ff27fc2769a1b78a27578f13a17b -> 
  custom:video-decoder-webm-vp8: 9c59270c3fd7afecdb556c50c9e8de78 -> 
  custom:SearchIndexIgnoredProperties: e643bd26f0fe6173181afceb89e7c659 -> 
  custom:AudioImporter_EditorPlatform: d09bf68614088b80899f8185d706f6e7 -> 
  custom:video-encoder-webm-vp8: eb34c28f22e8b96e1ab97ce403110664 -> 
  custom:audio-decoder-ogg-vorbis: bf7c407c2cedff20999df2af8eb42d56 -> 
  custom:audio-encoder-webm-vorbis: bf7c407c2cedff20999df2af8eb42d56 -> 
  custom:scripting/monoscript/fileName/SceneChanger.cs: 4bb94d70706032f4bd969ba3ab0024bf -> 
  custom:scripting/precompiled-assembly-types:Assembly-CSharp: 575e568831d97950d448474530d47ad8 -> 0950573ccc79f0d8dd275579e87e265a
========================================================================
Received Prepare
Caller must complete domain reload
Begin MonoManager ReloadAssembly
- Loaded All Assemblies, in  0.521 seconds
Native extension for WindowsStandalone target not found
Native extension for Android target not found
Mono: successfully reloaded assembly
- Finished resetting the current domain, in  1.255 seconds
Domain Reload Profiling: 1768ms
	BeginReloadAssembly (164ms)
		ExecutionOrderSort (0ms)
		DisableScriptedObjects (6ms)
		BackupInstance (0ms)
		ReleaseScriptingObjects (0ms)
		CreateAndSetChildDomain (27ms)
	RebuildCommonClasses (27ms)
	RebuildNativeTypeToScriptingClass (10ms)
	initialDomainReloadingComplete (40ms)
	LoadAllAssembliesAndSetupDomain (271ms)
		LoadAssemblies (350ms)
		RebuildTransferFunctionScriptingTraits (0ms)
		AnalyzeDomain (17ms)
			TypeCache.Refresh (7ms)
				TypeCache.ScanAssembly (0ms)
			ScanForSourceGeneratedMonoScriptInfo (5ms)
			ResolveRequiredComponents (4ms)
	FinalizeReload (1256ms)
		ReleaseScriptCaches (0ms)
		RebuildScriptCaches (0ms)
		SetupLoadedEditorAssemblies (540ms)
			LogAssemblyErrors (0ms)
			InitializePlatformSupportModulesInManaged (16ms)
			SetLoadedEditorAssemblies (4ms)
			RefreshPlugins (0ms)
			BeforeProcessingInitializeOnLoad (55ms)
			ProcessInitializeOnLoadAttributes (443ms)
			ProcessInitializeOnLoadMethodAttributes (14ms)
			AfterProcessingInitializeOnLoad (9ms)
			EditorAssembliesLoaded (0ms)
		ExecutionOrderSort2 (0ms)
		AwakeInstancesAfterBackupRestoration (8ms)
Refreshing native plugins compatible for Editor in 9.81 ms, found 4 plugins.
Preloading 0 native plugins for Editor in 0.00 ms.
Unloading 3151 Unused Serialized files (Serialized files now loaded: 0)
Unloading 14 unused Assets / (28.5 KB). Loaded Objects now: 3723.
Memory consumption went from 125.1 MB to 125.1 MB.
Total: 3.655700 ms (FindLiveObjects: 0.193200 ms CreateObjectMapping: 0.047100 ms MarkObjects: 3.357900 ms  DeleteObjects: 0.056400 ms)

Prepare: number of updated asset objects reloaded= 0
AssetImportParameters requested are different than current active one (requested -> active):
  custom:container-demuxer-ogg: 62fdf1f143b41e24485cea50d1cbac27 -> 
  custom:scripting/monoscript/fileName/GameManager.cs: 9933fbcc6190e2a9171c2ec8808a053e -> 
  custom:video-codec-MediaFoundation-h265: 746d11721c4dcdbdad8f713fa42b33f4 -> 
  custom:video-decoder-ogg-theora: a1e56fd34408186e4bbccfd4996cb3dc -> 
  custom:framework-win-MediaFoundation: 216162199b28c13a410421893ffa2e32 -> 
  custom:CustomObjectIndexerAttribute: 9a22284fe3817be447336de3de66b15e -> 
  custom:container-demuxer-webm: 4f35f7cbe854078d1ac9338744f61a02 -> 
  custom:container-muxer-webm: aa71ff27fc2769a1b78a27578f13a17b -> 
  custom:video-decoder-webm-vp8: 9c59270c3fd7afecdb556c50c9e8de78 -> 
  custom:SearchIndexIgnoredProperties: e643bd26f0fe6173181afceb89e7c659 -> 
  custom:AudioImporter_EditorPlatform: d09bf68614088b80899f8185d706f6e7 -> 
  custom:video-encoder-webm-vp8: eb34c28f22e8b96e1ab97ce403110664 -> 
  custom:audio-decoder-ogg-vorbis: bf7c407c2cedff20999df2af8eb42d56 -> 
  custom:audio-encoder-webm-vorbis: bf7c407c2cedff20999df2af8eb42d56 -> 
  custom:scripting/monoscript/fileName/SceneChanger.cs: 4bb94d70706032f4bd969ba3ab0024bf -> 
  custom:scripting/precompiled-assembly-types:Assembly-CSharp: 575e568831d97950d448474530d47ad8 -> 0950573ccc79f0d8dd275579e87e265a
========================================================================
Received Prepare
Caller must complete domain reload
Begin MonoManager ReloadAssembly
- Loaded All Assemblies, in  0.717 seconds
Native extension for WindowsStandalone target not found
Native extension for Android target not found
Mono: successfully reloaded assembly
- Finished resetting the current domain, in  1.364 seconds
Domain Reload Profiling: 2076ms
	BeginReloadAssembly (233ms)
		ExecutionOrderSort (0ms)
		DisableScriptedObjects (5ms)
		BackupInstance (0ms)
		ReleaseScriptingObjects (0ms)
		CreateAndSetChildDomain (49ms)
	RebuildCommonClasses (49ms)
	RebuildNativeTypeToScriptingClass (15ms)
	initialDomainReloadingComplete (39ms)
	LoadAllAssembliesAndSetupDomain (375ms)
		LoadAssemblies (482ms)
		RebuildTransferFunctionScriptingTraits (0ms)
		AnalyzeDomain (31ms)
			TypeCache.Refresh (13ms)
				TypeCache.ScanAssembly (0ms)
			ScanForSourceGeneratedMonoScriptInfo (9ms)
			ResolveRequiredComponents (7ms)
	FinalizeReload (1365ms)
		ReleaseScriptCaches (0ms)
		RebuildScriptCaches (0ms)
		SetupLoadedEditorAssemblies (567ms)
			LogAssemblyErrors (0ms)
			InitializePlatformSupportModulesInManaged (16ms)
			SetLoadedEditorAssemblies (4ms)
			RefreshPlugins (0ms)
			BeforeProcessingInitializeOnLoad (56ms)
			ProcessInitializeOnLoadAttributes (465ms)
			ProcessInitializeOnLoadMethodAttributes (15ms)
			AfterProcessingInitializeOnLoad (11ms)
			EditorAssembliesLoaded (0ms)
		ExecutionOrderSort2 (0ms)
		AwakeInstancesAfterBackupRestoration (6ms)
Refreshing native plugins compatible for Editor in 8.34 ms, found 4 plugins.
Preloading 0 native plugins for Editor in 0.00 ms.
Unloading 3151 Unused Serialized files (Serialized files now loaded: 0)
Unloading 14 unused Assets / (28.6 KB). Loaded Objects now: 3726.
Memory consumption went from 125.1 MB to 125.1 MB.
Total: 3.796200 ms (FindLiveObjects: 0.201800 ms CreateObjectMapping: 0.044900 ms MarkObjects: 3.492200 ms  DeleteObjects: 0.056000 ms)

Prepare: number of updated asset objects reloaded= 0
AssetImportParameters requested are different than current active one (requested -> active):
  custom:container-demuxer-ogg: 62fdf1f143b41e24485cea50d1cbac27 -> 
  custom:scripting/monoscript/fileName/GameManager.cs: 9933fbcc6190e2a9171c2ec8808a053e -> 
  custom:video-codec-MediaFoundation-h265: 746d11721c4dcdbdad8f713fa42b33f4 -> 
  custom:video-decoder-ogg-theora: a1e56fd34408186e4bbccfd4996cb3dc -> 
  custom:framework-win-MediaFoundation: 216162199b28c13a410421893ffa2e32 -> 
  custom:CustomObjectIndexerAttribute: 9a22284fe3817be447336de3de66b15e -> 
  custom:container-demuxer-webm: 4f35f7cbe854078d1ac9338744f61a02 -> 
  custom:container-muxer-webm: aa71ff27fc2769a1b78a27578f13a17b -> 
  custom:video-decoder-webm-vp8: 9c59270c3fd7afecdb556c50c9e8de78 -> 
  custom:SearchIndexIgnoredProperties: e643bd26f0fe6173181afceb89e7c659 -> 
  custom:AudioImporter_EditorPlatform: d09bf68614088b80899f8185d706f6e7 -> 
  custom:video-encoder-webm-vp8: eb34c28f22e8b96e1ab97ce403110664 -> 
  custom:audio-decoder-ogg-vorbis: bf7c407c2cedff20999df2af8eb42d56 -> 
  custom:audio-encoder-webm-vorbis: bf7c407c2cedff20999df2af8eb42d56 -> 
  custom:scripting/monoscript/fileName/SceneChanger.cs: 4bb94d70706032f4bd969ba3ab0024bf -> 
  custom:scripting/precompiled-assembly-types:Assembly-CSharp: 575e568831d97950d448474530d47ad8 -> 0950573ccc79f0d8dd275579e87e265a
========================================================================
Received Prepare
Caller must complete domain reload
Begin MonoManager ReloadAssembly
- Loaded All Assemblies, in  0.468 seconds
Native extension for WindowsStandalone target not found
Native extension for Android target not found
Mono: successfully reloaded assembly
- Finished resetting the current domain, in  1.669 seconds
Domain Reload Profiling: 2133ms
	BeginReloadAssembly (151ms)
		ExecutionOrderSort (0ms)
		DisableScriptedObjects (4ms)
		BackupInstance (0ms)
		ReleaseScriptingObjects (0ms)
		CreateAndSetChildDomain (28ms)
	RebuildCommonClasses (27ms)
	RebuildNativeTypeToScriptingClass (11ms)
	initialDomainReloadingComplete (31ms)
	LoadAllAssembliesAndSetupDomain (243ms)
		LoadAssemblies (308ms)
		RebuildTransferFunctionScriptingTraits (0ms)
		AnalyzeDomain (19ms)
			TypeCache.Refresh (9ms)
				TypeCache.ScanAssembly (0ms)
			ScanForSourceGeneratedMonoScriptInfo (0ms)
			ResolveRequiredComponents (7ms)
	FinalizeReload (1670ms)
		ReleaseScriptCaches (0ms)
		RebuildScriptCaches (0ms)
		SetupLoadedEditorAssemblies (852ms)
			LogAssemblyErrors (0ms)
			InitializePlatformSupportModulesInManaged (27ms)
			SetLoadedEditorAssemblies (5ms)
			RefreshPlugins (0ms)
			BeforeProcessingInitializeOnLoad (85ms)
			ProcessInitializeOnLoadAttributes (698ms)
			ProcessInitializeOnLoadMethodAttributes (26ms)
			AfterProcessingInitializeOnLoad (10ms)
			EditorAssembliesLoaded (0ms)
		ExecutionOrderSort2 (0ms)
		AwakeInstancesAfterBackupRestoration (11ms)
Refreshing native plugins compatible for Editor in 16.33 ms, found 4 plugins.
Preloading 0 native plugins for Editor in 0.00 ms.
Unloading 3151 Unused Serialized files (Serialized files now loaded: 0)
Unloading 14 unused Assets / (28.5 KB). Loaded Objects now: 3729.
Memory consumption went from 125.1 MB to 125.1 MB.
Total: 4.511100 ms (FindLiveObjects: 0.323200 ms CreateObjectMapping: 0.206800 ms MarkObjects: 3.915800 ms  DeleteObjects: 0.063100 ms)

Prepare: number of updated asset objects reloaded= 0
AssetImportParameters requested are different than current active one (requested -> active):
  custom:container-demuxer-ogg: 62fdf1f143b41e24485cea50d1cbac27 -> 
  custom:scripting/monoscript/fileName/GameManager.cs: 9933fbcc6190e2a9171c2ec8808a053e -> 
  custom:video-codec-MediaFoundation-h265: 746d11721c4dcdbdad8f713fa42b33f4 -> 
  custom:video-decoder-ogg-theora: a1e56fd34408186e4bbccfd4996cb3dc -> 
  custom:framework-win-MediaFoundation: 216162199b28c13a410421893ffa2e32 -> 
  custom:CustomObjectIndexerAttribute: 9a22284fe3817be447336de3de66b15e -> 
  custom:container-demuxer-webm: 4f35f7cbe854078d1ac9338744f61a02 -> 
  custom:container-muxer-webm: aa71ff27fc2769a1b78a27578f13a17b -> 
  custom:video-decoder-webm-vp8: 9c59270c3fd7afecdb556c50c9e8de78 -> 
  custom:SearchIndexIgnoredProperties: e643bd26f0fe6173181afceb89e7c659 -> 
  custom:AudioImporter_EditorPlatform: d09bf68614088b80899f8185d706f6e7 -> 
  custom:video-encoder-webm-vp8: eb34c28f22e8b96e1ab97ce403110664 -> 
  custom:audio-decoder-ogg-vorbis: bf7c407c2cedff20999df2af8eb42d56 -> 
  custom:audio-encoder-webm-vorbis: bf7c407c2cedff20999df2af8eb42d56 -> 
  custom:scripting/monoscript/fileName/SceneChanger.cs: 4bb94d70706032f4bd969ba3ab0024bf -> 
  custom:scripting/precompiled-assembly-types:Assembly-CSharp: 575e568831d97950d448474530d47ad8 -> 0950573ccc79f0d8dd275579e87e265a
========================================================================
Received Prepare
Caller must complete domain reload
Begin MonoManager ReloadAssembly
- Loaded All Assemblies, in  0.494 seconds
Native extension for WindowsStandalone target not found
Native extension for Android target not found
Mono: successfully reloaded assembly
- Finished resetting the current domain, in  1.826 seconds
Domain Reload Profiling: 2315ms
	BeginReloadAssembly (171ms)
		ExecutionOrderSort (0ms)
		DisableScriptedObjects (5ms)
		BackupInstance (0ms)
		ReleaseScriptingObjects (0ms)
		CreateAndSetChildDomain (28ms)
	RebuildCommonClasses (33ms)
	RebuildNativeTypeToScriptingClass (9ms)
	initialDomainReloadingComplete (29ms)
	LoadAllAssembliesAndSetupDomain (247ms)
		LoadAssemblies (332ms)
		RebuildTransferFunctionScriptingTraits (0ms)
		AnalyzeDomain (15ms)
			TypeCache.Refresh (6ms)
				TypeCache.ScanAssembly (0ms)
			ScanForSourceGeneratedMonoScriptInfo (0ms)
			ResolveRequiredComponents (7ms)
	FinalizeReload (1826ms)
		ReleaseScriptCaches (0ms)
		RebuildScriptCaches (0ms)
		SetupLoadedEditorAssemblies (939ms)
			LogAssemblyErrors (0ms)
			InitializePlatformSupportModulesInManaged (29ms)
			SetLoadedEditorAssemblies (7ms)
			RefreshPlugins (0ms)
			BeforeProcessingInitializeOnLoad (101ms)
			ProcessInitializeOnLoadAttributes (762ms)
			ProcessInitializeOnLoadMethodAttributes (25ms)
			AfterProcessingInitializeOnLoad (13ms)
			EditorAssembliesLoaded (0ms)
		ExecutionOrderSort2 (0ms)
		AwakeInstancesAfterBackupRestoration (12ms)
Refreshing native plugins compatible for Editor in 19.83 ms, found 4 plugins.
Preloading 0 native plugins for Editor in 0.00 ms.
Unloading 3151 Unused Serialized files (Serialized files now loaded: 0)
Unloading 14 unused Assets / (28.5 KB). Loaded Objects now: 3732.
Memory consumption went from 125.1 MB to 125.1 MB.
Total: 4.997300 ms (FindLiveObjects: 0.388800 ms CreateObjectMapping: 0.058200 ms MarkObjects: 4.497400 ms  DeleteObjects: 0.051100 ms)

Prepare: number of updated asset objects reloaded= 0
AssetImportParameters requested are different than current active one (requested -> active):
  custom:container-demuxer-ogg: 62fdf1f143b41e24485cea50d1cbac27 -> 
  custom:scripting/monoscript/fileName/GameManager.cs: 9933fbcc6190e2a9171c2ec8808a053e -> 
  custom:video-codec-MediaFoundation-h265: 746d11721c4dcdbdad8f713fa42b33f4 -> 
  custom:video-decoder-ogg-theora: a1e56fd34408186e4bbccfd4996cb3dc -> 
  custom:framework-win-MediaFoundation: 216162199b28c13a410421893ffa2e32 -> 
  custom:CustomObjectIndexerAttribute: 9a22284fe3817be447336de3de66b15e -> 
  custom:container-demuxer-webm: 4f35f7cbe854078d1ac9338744f61a02 -> 
  custom:container-muxer-webm: aa71ff27fc2769a1b78a27578f13a17b -> 
  custom:video-decoder-webm-vp8: 9c59270c3fd7afecdb556c50c9e8de78 -> 
  custom:SearchIndexIgnoredProperties: e643bd26f0fe6173181afceb89e7c659 -> 
  custom:AudioImporter_EditorPlatform: d09bf68614088b80899f8185d706f6e7 -> 
  custom:video-encoder-webm-vp8: eb34c28f22e8b96e1ab97ce403110664 -> 
  custom:audio-decoder-ogg-vorbis: bf7c407c2cedff20999df2af8eb42d56 -> 
  custom:audio-encoder-webm-vorbis: bf7c407c2cedff20999df2af8eb42d56 -> 
  custom:scripting/monoscript/fileName/SceneChanger.cs: 4bb94d70706032f4bd969ba3ab0024bf -> 
  custom:scripting/precompiled-assembly-types:Assembly-CSharp: 575e568831d97950d448474530d47ad8 -> 0950573ccc79f0d8dd275579e87e265a
========================================================================
Received Prepare
Caller must complete domain reload
Begin MonoManager ReloadAssembly
- Loaded All Assemblies, in  0.779 seconds
Native extension for WindowsStandalone target not found
Native extension for Android target not found
Mono: successfully reloaded assembly
- Finished resetting the current domain, in  1.586 seconds
Domain Reload Profiling: 2355ms
	BeginReloadAssembly (224ms)
		ExecutionOrderSort (0ms)
		DisableScriptedObjects (6ms)
		BackupInstance (0ms)
		ReleaseScriptingObjects (0ms)
		CreateAndSetChildDomain (48ms)
	RebuildCommonClasses (47ms)
	RebuildNativeTypeToScriptingClass (15ms)
	initialDomainReloadingComplete (54ms)
	LoadAllAssembliesAndSetupDomain (428ms)
		LoadAssemblies (514ms)
		RebuildTransferFunctionScriptingTraits (0ms)
		AnalyzeDomain (41ms)
			TypeCache.Refresh (17ms)
				TypeCache.ScanAssembly (0ms)
			ScanForSourceGeneratedMonoScriptInfo (12ms)
			ResolveRequiredComponents (9ms)
	FinalizeReload (1587ms)
		ReleaseScriptCaches (0ms)
		RebuildScriptCaches (0ms)
		SetupLoadedEditorAssemblies (638ms)
			LogAssemblyErrors (0ms)
			InitializePlatformSupportModulesInManaged (23ms)
			SetLoadedEditorAssemblies (6ms)
			RefreshPlugins (0ms)
			BeforeProcessingInitializeOnLoad (92ms)
			ProcessInitializeOnLoadAttributes (492ms)
			ProcessInitializeOnLoadMethodAttributes (16ms)
			AfterProcessingInitializeOnLoad (9ms)
			EditorAssembliesLoaded (0ms)
		ExecutionOrderSort2 (0ms)
		AwakeInstancesAfterBackupRestoration (7ms)
Refreshing native plugins compatible for Editor in 10.02 ms, found 4 plugins.
Preloading 0 native plugins for Editor in 0.00 ms.
Unloading 3151 Unused Serialized files (Serialized files now loaded: 0)
Unloading 14 unused Assets / (28.5 KB). Loaded Objects now: 3735.
Memory consumption went from 125.1 MB to 125.1 MB.
Total: 3.485300 ms (FindLiveObjects: 0.195100 ms CreateObjectMapping: 0.045800 ms MarkObjects: 3.170200 ms  DeleteObjects: 0.072400 ms)

Prepare: number of updated asset objects reloaded= 0
AssetImportParameters requested are different than current active one (requested -> active):
  custom:container-demuxer-ogg: 62fdf1f143b41e24485cea50d1cbac27 -> 
  custom:scripting/monoscript/fileName/GameManager.cs: 9933fbcc6190e2a9171c2ec8808a053e -> 
  custom:video-codec-MediaFoundation-h265: 746d11721c4dcdbdad8f713fa42b33f4 -> 
  custom:video-decoder-ogg-theora: a1e56fd34408186e4bbccfd4996cb3dc -> 
  custom:framework-win-MediaFoundation: 216162199b28c13a410421893ffa2e32 -> 
  custom:CustomObjectIndexerAttribute: 9a22284fe3817be447336de3de66b15e -> 
  custom:container-demuxer-webm: 4f35f7cbe854078d1ac9338744f61a02 -> 
  custom:container-muxer-webm: aa71ff27fc2769a1b78a27578f13a17b -> 
  custom:video-decoder-webm-vp8: 9c59270c3fd7afecdb556c50c9e8de78 -> 
  custom:SearchIndexIgnoredProperties: e643bd26f0fe6173181afceb89e7c659 -> 
  custom:AudioImporter_EditorPlatform: d09bf68614088b80899f8185d706f6e7 -> 
  custom:video-encoder-webm-vp8: eb34c28f22e8b96e1ab97ce403110664 -> 
  custom:audio-decoder-ogg-vorbis: bf7c407c2cedff20999df2af8eb42d56 -> 
  custom:audio-encoder-webm-vorbis: bf7c407c2cedff20999df2af8eb42d56 -> 
  custom:scripting/monoscript/fileName/SceneChanger.cs: 4bb94d70706032f4bd969ba3ab0024bf -> 
  custom:scripting/precompiled-assembly-types:Assembly-CSharp: 575e568831d97950d448474530d47ad8 -> 0950573ccc79f0d8dd275579e87e265a
========================================================================
Received Prepare
Caller must complete domain reload
Begin MonoManager ReloadAssembly
- Loaded All Assemblies, in  0.441 seconds
Native extension for WindowsStandalone target not found
Native extension for Android target not found
Mono: successfully reloaded assembly
- Finished resetting the current domain, in  1.641 seconds
Domain Reload Profiling: 2079ms
	BeginReloadAssembly (146ms)
		ExecutionOrderSort (0ms)
		DisableScriptedObjects (5ms)
		BackupInstance (0ms)
		ReleaseScriptingObjects (0ms)
		CreateAndSetChildDomain (30ms)
	RebuildCommonClasses (28ms)
	RebuildNativeTypeToScriptingClass (12ms)
	initialDomainReloadingComplete (29ms)
	LoadAllAssembliesAndSetupDomain (222ms)
		LoadAssemblies (289ms)
		RebuildTransferFunctionScriptingTraits (0ms)
		AnalyzeDomain (13ms)
			TypeCache.Refresh (6ms)
				TypeCache.ScanAssembly (0ms)
			ScanForSourceGeneratedMonoScriptInfo (0ms)
			ResolveRequiredComponents (5ms)
	FinalizeReload (1641ms)
		ReleaseScriptCaches (0ms)
		RebuildScriptCaches (0ms)
		SetupLoadedEditorAssemblies (845ms)
			LogAssemblyErrors (0ms)
			InitializePlatformSupportModulesInManaged (28ms)
			SetLoadedEditorAssemblies (6ms)
			RefreshPlugins (0ms)
			BeforeProcessingInitializeOnLoad (86ms)
			ProcessInitializeOnLoadAttributes (686ms)
			ProcessInitializeOnLoadMethodAttributes (28ms)
			AfterProcessingInitializeOnLoad (12ms)
			EditorAssembliesLoaded (0ms)
		ExecutionOrderSort2 (0ms)
		AwakeInstancesAfterBackupRestoration (10ms)
Refreshing native plugins compatible for Editor in 16.48 ms, found 4 plugins.
Preloading 0 native plugins for Editor in 0.00 ms.
Unloading 3151 Unused Serialized files (Serialized files now loaded: 0)
Unloading 14 unused Assets / (28.5 KB). Loaded Objects now: 3738.
Memory consumption went from 125.1 MB to 125.1 MB.
Total: 4.570300 ms (FindLiveObjects: 0.268900 ms CreateObjectMapping: 0.079500 ms MarkObjects: 4.160900 ms  DeleteObjects: 0.059200 ms)

Prepare: number of updated asset objects reloaded= 0
AssetImportParameters requested are different than current active one (requested -> active):
  custom:container-demuxer-ogg: 62fdf1f143b41e24485cea50d1cbac27 -> 
  custom:scripting/monoscript/fileName/GameManager.cs: 9933fbcc6190e2a9171c2ec8808a053e -> 
  custom:video-codec-MediaFoundation-h265: 746d11721c4dcdbdad8f713fa42b33f4 -> 
  custom:video-decoder-ogg-theora: a1e56fd34408186e4bbccfd4996cb3dc -> 
  custom:framework-win-MediaFoundation: 216162199b28c13a410421893ffa2e32 -> 
  custom:CustomObjectIndexerAttribute: 9a22284fe3817be447336de3de66b15e -> 
  custom:container-demuxer-webm: 4f35f7cbe854078d1ac9338744f61a02 -> 
  custom:container-muxer-webm: aa71ff27fc2769a1b78a27578f13a17b -> 
  custom:video-decoder-webm-vp8: 9c59270c3fd7afecdb556c50c9e8de78 -> 
  custom:SearchIndexIgnoredProperties: e643bd26f0fe6173181afceb89e7c659 -> 
  custom:AudioImporter_EditorPlatform: d09bf68614088b80899f8185d706f6e7 -> 
  custom:video-encoder-webm-vp8: eb34c28f22e8b96e1ab97ce403110664 -> 
  custom:audio-decoder-ogg-vorbis: bf7c407c2cedff20999df2af8eb42d56 -> 
  custom:audio-encoder-webm-vorbis: bf7c407c2cedff20999df2af8eb42d56 -> 
  custom:scripting/monoscript/fileName/SceneChanger.cs: 4bb94d70706032f4bd969ba3ab0024bf -> 
  custom:scripting/precompiled-assembly-types:Assembly-CSharp: 575e568831d97950d448474530d47ad8 -> 0950573ccc79f0d8dd275579e87e265a
========================================================================
Received Prepare
Caller must complete domain reload
Begin MonoManager ReloadAssembly
- Loaded All Assemblies, in  0.456 seconds
Native extension for WindowsStandalone target not found
Native extension for Android target not found
Mono: successfully reloaded assembly
- Finished resetting the current domain, in  1.765 seconds
Domain Reload Profiling: 2218ms
	BeginReloadAssembly (144ms)
		ExecutionOrderSort (0ms)
		DisableScriptedObjects (3ms)
		BackupInstance (0ms)
		ReleaseScriptingObjects (0ms)
		CreateAndSetChildDomain (28ms)
	RebuildCommonClasses (29ms)
	RebuildNativeTypeToScriptingClass (12ms)
	initialDomainReloadingComplete (29ms)
	LoadAllAssembliesAndSetupDomain (238ms)
		LoadAssemblies (308ms)
		RebuildTransferFunctionScriptingTraits (0ms)
		AnalyzeDomain (13ms)
			TypeCache.Refresh (5ms)
				TypeCache.ScanAssembly (0ms)
			ScanForSourceGeneratedMonoScriptInfo (0ms)
			ResolveRequiredComponents (6ms)
	FinalizeReload (1765ms)
		ReleaseScriptCaches (0ms)
		RebuildScriptCaches (0ms)
		SetupLoadedEditorAssemblies (926ms)
			LogAssemblyErrors (0ms)
			InitializePlatformSupportModulesInManaged (29ms)
			SetLoadedEditorAssemblies (7ms)
			RefreshPlugins (0ms)
			BeforeProcessingInitializeOnLoad (94ms)
			ProcessInitializeOnLoadAttributes (755ms)
			ProcessInitializeOnLoadMethodAttributes (27ms)
			AfterProcessingInitializeOnLoad (13ms)
			EditorAssembliesLoaded (0ms)
		ExecutionOrderSort2 (0ms)
		AwakeInstancesAfterBackupRestoration (11ms)
Refreshing native plugins compatible for Editor in 16.08 ms, found 4 plugins.
Preloading 0 native plugins for Editor in 0.00 ms.
Unloading 3151 Unused Serialized files (Serialized files now loaded: 0)
Unloading 14 unused Assets / (28.5 KB). Loaded Objects now: 3741.
Memory consumption went from 125.1 MB to 125.1 MB.
Total: 5.492700 ms (FindLiveObjects: 0.495900 ms CreateObjectMapping: 0.566100 ms MarkObjects: 4.358000 ms  DeleteObjects: 0.070800 ms)

Prepare: number of updated asset objects reloaded= 0
AssetImportParameters requested are different than current active one (requested -> active):
  custom:container-demuxer-ogg: 62fdf1f143b41e24485cea50d1cbac27 -> 
  custom:scripting/monoscript/fileName/GameManager.cs: 9933fbcc6190e2a9171c2ec8808a053e -> 
  custom:video-codec-MediaFoundation-h265: 746d11721c4dcdbdad8f713fa42b33f4 -> 
  custom:video-decoder-ogg-theora: a1e56fd34408186e4bbccfd4996cb3dc -> 
  custom:framework-win-MediaFoundation: 216162199b28c13a410421893ffa2e32 -> 
  custom:CustomObjectIndexerAttribute: 9a22284fe3817be447336de3de66b15e -> 
  custom:container-demuxer-webm: 4f35f7cbe854078d1ac9338744f61a02 -> 
  custom:container-muxer-webm: aa71ff27fc2769a1b78a27578f13a17b -> 
  custom:video-decoder-webm-vp8: 9c59270c3fd7afecdb556c50c9e8de78 -> 
  custom:SearchIndexIgnoredProperties: e643bd26f0fe6173181afceb89e7c659 -> 
  custom:AudioImporter_EditorPlatform: d09bf68614088b80899f8185d706f6e7 -> 
  custom:video-encoder-webm-vp8: eb34c28f22e8b96e1ab97ce403110664 -> 
  custom:audio-decoder-ogg-vorbis: bf7c407c2cedff20999df2af8eb42d56 -> 
  custom:audio-encoder-webm-vorbis: bf7c407c2cedff20999df2af8eb42d56 -> 
  custom:scripting/monoscript/fileName/SceneChanger.cs: 4bb94d70706032f4bd969ba3ab0024bf -> 
  custom:scripting/precompiled-assembly-types:Assembly-CSharp: 575e568831d97950d448474530d47ad8 -> 0950573ccc79f0d8dd275579e87e265a
========================================================================
Received Prepare
Caller must complete domain reload
Begin MonoManager ReloadAssembly
- Loaded All Assemblies, in  0.450 seconds
Native extension for WindowsStandalone target not found
Native extension for Android target not found
Mono: successfully reloaded assembly
- Finished resetting the current domain, in  1.535 seconds
Domain Reload Profiling: 1983ms
	BeginReloadAssembly (163ms)
		ExecutionOrderSort (0ms)
		DisableScriptedObjects (5ms)
		BackupInstance (0ms)
		ReleaseScriptingObjects (0ms)
		CreateAndSetChildDomain (27ms)
	RebuildCommonClasses (28ms)
	RebuildNativeTypeToScriptingClass (11ms)
	initialDomainReloadingComplete (32ms)
	LoadAllAssembliesAndSetupDomain (212ms)
		LoadAssemblies (295ms)
		RebuildTransferFunctionScriptingTraits (0ms)
		AnalyzeDomain (13ms)
			TypeCache.Refresh (5ms)
				TypeCache.ScanAssembly (0ms)
			ScanForSourceGeneratedMonoScriptInfo (0ms)
			ResolveRequiredComponents (5ms)
	FinalizeReload (1536ms)
		ReleaseScriptCaches (0ms)
		RebuildScriptCaches (0ms)
		SetupLoadedEditorAssemblies (831ms)
			LogAssemblyErrors (0ms)
			InitializePlatformSupportModulesInManaged (26ms)
			SetLoadedEditorAssemblies (4ms)
			RefreshPlugins (0ms)
			BeforeProcessingInitializeOnLoad (86ms)
			ProcessInitializeOnLoadAttributes (680ms)
			ProcessInitializeOnLoadMethodAttributes (24ms)
			AfterProcessingInitializeOnLoad (11ms)
			EditorAssembliesLoaded (0ms)
		ExecutionOrderSort2 (0ms)
		AwakeInstancesAfterBackupRestoration (11ms)
Refreshing native plugins compatible for Editor in 14.77 ms, found 4 plugins.
Preloading 0 native plugins for Editor in 0.00 ms.
Unloading 3151 Unused Serialized files (Serialized files now loaded: 0)
Unloading 14 unused Assets / (28.6 KB). Loaded Objects now: 3744.
Memory consumption went from 125.1 MB to 125.1 MB.
Total: 4.399500 ms (FindLiveObjects: 0.387700 ms CreateObjectMapping: 0.511400 ms MarkObjects: 3.448100 ms  DeleteObjects: 0.050500 ms)

Prepare: number of updated asset objects reloaded= 0
AssetImportParameters requested are different than current active one (requested -> active):
  custom:container-demuxer-ogg: 62fdf1f143b41e24485cea50d1cbac27 -> 
  custom:scripting/monoscript/fileName/GameManager.cs: 9933fbcc6190e2a9171c2ec8808a053e -> 
  custom:video-codec-MediaFoundation-h265: 746d11721c4dcdbdad8f713fa42b33f4 -> 
  custom:video-decoder-ogg-theora: a1e56fd34408186e4bbccfd4996cb3dc -> 
  custom:framework-win-MediaFoundation: 216162199b28c13a410421893ffa2e32 -> 
  custom:CustomObjectIndexerAttribute: 9a22284fe3817be447336de3de66b15e -> 
  custom:container-demuxer-webm: 4f35f7cbe854078d1ac9338744f61a02 -> 
  custom:container-muxer-webm: aa71ff27fc2769a1b78a27578f13a17b -> 
  custom:video-decoder-webm-vp8: 9c59270c3fd7afecdb556c50c9e8de78 -> 
  custom:SearchIndexIgnoredProperties: e643bd26f0fe6173181afceb89e7c659 -> 
  custom:AudioImporter_EditorPlatform: d09bf68614088b80899f8185d706f6e7 -> 
  custom:video-encoder-webm-vp8: eb34c28f22e8b96e1ab97ce403110664 -> 
  custom:audio-decoder-ogg-vorbis: bf7c407c2cedff20999df2af8eb42d56 -> 
  custom:audio-encoder-webm-vorbis: bf7c407c2cedff20999df2af8eb42d56 -> 
  custom:scripting/monoscript/fileName/SceneChanger.cs: 4bb94d70706032f4bd969ba3ab0024bf -> 
  custom:scripting/precompiled-assembly-types:Assembly-CSharp: 575e568831d97950d448474530d47ad8 -> 0950573ccc79f0d8dd275579e87e265a
========================================================================
Received Prepare
Caller must complete domain reload
Begin MonoManager ReloadAssembly
- Loaded All Assemblies, in  0.524 seconds
Native extension for WindowsStandalone target not found
Native extension for Android target not found
Mono: successfully reloaded assembly
- Finished resetting the current domain, in  1.587 seconds
Domain Reload Profiling: 2108ms
	BeginReloadAssembly (146ms)
		ExecutionOrderSort (0ms)
		DisableScriptedObjects (3ms)
		BackupInstance (0ms)
		ReleaseScriptingObjects (0ms)
		CreateAndSetChildDomain (32ms)
	RebuildCommonClasses (31ms)
	RebuildNativeTypeToScriptingClass (8ms)
	initialDomainReloadingComplete (33ms)
	LoadAllAssembliesAndSetupDomain (302ms)
		LoadAssemblies (366ms)
		RebuildTransferFunctionScriptingTraits (0ms)
		AnalyzeDomain (16ms)
			TypeCache.Refresh (8ms)
				TypeCache.ScanAssembly (0ms)
			ScanForSourceGeneratedMonoScriptInfo (0ms)
			ResolveRequiredComponents (5ms)
	FinalizeReload (1588ms)
		ReleaseScriptCaches (0ms)
		RebuildScriptCaches (0ms)
		SetupLoadedEditorAssemblies (833ms)
			LogAssemblyErrors (0ms)
			InitializePlatformSupportModulesInManaged (27ms)
			SetLoadedEditorAssemblies (6ms)
			RefreshPlugins (0ms)
			BeforeProcessingInitializeOnLoad (86ms)
			ProcessInitializeOnLoadAttributes (676ms)
			ProcessInitializeOnLoadMethodAttributes (26ms)
			AfterProcessingInitializeOnLoad (12ms)
			EditorAssembliesLoaded (0ms)
		ExecutionOrderSort2 (0ms)
		AwakeInstancesAfterBackupRestoration (10ms)
Refreshing native plugins compatible for Editor in 15.47 ms, found 4 plugins.
Preloading 0 native plugins for Editor in 0.00 ms.
Unloading 3151 Unused Serialized files (Serialized files now loaded: 0)
Unloading 14 unused Assets / (28.6 KB). Loaded Objects now: 3747.
Memory consumption went from 125.1 MB to 125.1 MB.
Total: 4.630900 ms (FindLiveObjects: 0.346000 ms CreateObjectMapping: 0.087600 ms MarkObjects: 4.125900 ms  DeleteObjects: 0.070000 ms)

Prepare: number of updated asset objects reloaded= 0
AssetImportParameters requested are different than current active one (requested -> active):
  custom:container-demuxer-ogg: 62fdf1f143b41e24485cea50d1cbac27 -> 
  custom:scripting/monoscript/fileName/GameManager.cs: 9933fbcc6190e2a9171c2ec8808a053e -> 
  custom:video-codec-MediaFoundation-h265: 746d11721c4dcdbdad8f713fa42b33f4 -> 
  custom:video-decoder-ogg-theora: a1e56fd34408186e4bbccfd4996cb3dc -> 
  custom:framework-win-MediaFoundation: 216162199b28c13a410421893ffa2e32 -> 
  custom:CustomObjectIndexerAttribute: 9a22284fe3817be447336de3de66b15e -> 
  custom:container-demuxer-webm: 4f35f7cbe854078d1ac9338744f61a02 -> 
  custom:container-muxer-webm: aa71ff27fc2769a1b78a27578f13a17b -> 
  custom:video-decoder-webm-vp8: 9c59270c3fd7afecdb556c50c9e8de78 -> 
  custom:SearchIndexIgnoredProperties: e643bd26f0fe6173181afceb89e7c659 -> 
  custom:AudioImporter_EditorPlatform: d09bf68614088b80899f8185d706f6e7 -> 
  custom:video-encoder-webm-vp8: eb34c28f22e8b96e1ab97ce403110664 -> 
  custom:audio-decoder-ogg-vorbis: bf7c407c2cedff20999df2af8eb42d56 -> 
  custom:audio-encoder-webm-vorbis: bf7c407c2cedff20999df2af8eb42d56 -> 
  custom:scripting/monoscript/fileName/SceneChanger.cs: 4bb94d70706032f4bd969ba3ab0024bf -> 
  custom:scripting/precompiled-assembly-types:Assembly-CSharp: 575e568831d97950d448474530d47ad8 -> 0950573ccc79f0d8dd275579e87e265a
========================================================================
Received Prepare
Caller must complete domain reload
Begin MonoManager ReloadAssembly
- Loaded All Assemblies, in  1.110 seconds
Native extension for WindowsStandalone target not found
Native extension for Android target not found
Mono: successfully reloaded assembly
- Finished resetting the current domain, in  1.213 seconds
Domain Reload Profiling: 2314ms
	BeginReloadAssembly (520ms)
		ExecutionOrderSort (0ms)
		DisableScriptedObjects (4ms)
		BackupInstance (0ms)
		ReleaseScriptingObjects (0ms)
		CreateAndSetChildDomain (162ms)
	RebuildCommonClasses (57ms)
	RebuildNativeTypeToScriptingClass (22ms)
	initialDomainReloadingComplete (68ms)
	LoadAllAssembliesAndSetupDomain (433ms)
		LoadAssemblies (556ms)
		RebuildTransferFunctionScriptingTraits (0ms)
		AnalyzeDomain (38ms)
			TypeCache.Refresh (17ms)
				TypeCache.ScanAssembly (0ms)
			ScanForSourceGeneratedMonoScriptInfo (9ms)
			ResolveRequiredComponents (9ms)
	FinalizeReload (1214ms)
		ReleaseScriptCaches (0ms)
		RebuildScriptCaches (0ms)
		SetupLoadedEditorAssemblies (546ms)
			LogAssemblyErrors (0ms)
			InitializePlatformSupportModulesInManaged (18ms)
			SetLoadedEditorAssemblies (3ms)
			RefreshPlugins (0ms)
			BeforeProcessingInitializeOnLoad (58ms)
			ProcessInitializeOnLoadAttributes (446ms)
			ProcessInitializeOnLoadMethodAttributes (14ms)
			AfterProcessingInitializeOnLoad (7ms)
			EditorAssembliesLoaded (0ms)
		ExecutionOrderSort2 (0ms)
		AwakeInstancesAfterBackupRestoration (7ms)
Refreshing native plugins compatible for Editor in 9.79 ms, found 4 plugins.
Preloading 0 native plugins for Editor in 0.00 ms.
Unloading 3151 Unused Serialized files (Serialized files now loaded: 0)
Unloading 14 unused Assets / (28.6 KB). Loaded Objects now: 3750.
Memory consumption went from 125.1 MB to 125.1 MB.
Total: 2.515100 ms (FindLiveObjects: 0.197800 ms CreateObjectMapping: 0.047800 ms MarkObjects: 2.227800 ms  DeleteObjects: 0.040600 ms)

Prepare: number of updated asset objects reloaded= 0
AssetImportParameters requested are different than current active one (requested -> active):
  custom:container-demuxer-ogg: 62fdf1f143b41e24485cea50d1cbac27 -> 
  custom:scripting/monoscript/fileName/GameManager.cs: 9933fbcc6190e2a9171c2ec8808a053e -> 
  custom:video-codec-MediaFoundation-h265: 746d11721c4dcdbdad8f713fa42b33f4 -> 
  custom:video-decoder-ogg-theora: a1e56fd34408186e4bbccfd4996cb3dc -> 
  custom:framework-win-MediaFoundation: 216162199b28c13a410421893ffa2e32 -> 
  custom:CustomObjectIndexerAttribute: 9a22284fe3817be447336de3de66b15e -> 
  custom:container-demuxer-webm: 4f35f7cbe854078d1ac9338744f61a02 -> 
  custom:container-muxer-webm: aa71ff27fc2769a1b78a27578f13a17b -> 
  custom:video-decoder-webm-vp8: 9c59270c3fd7afecdb556c50c9e8de78 -> 
  custom:SearchIndexIgnoredProperties: e643bd26f0fe6173181afceb89e7c659 -> 
  custom:AudioImporter_EditorPlatform: d09bf68614088b80899f8185d706f6e7 -> 
  custom:video-encoder-webm-vp8: eb34c28f22e8b96e1ab97ce403110664 -> 
  custom:audio-decoder-ogg-vorbis: bf7c407c2cedff20999df2af8eb42d56 -> 
  custom:audio-encoder-webm-vorbis: bf7c407c2cedff20999df2af8eb42d56 -> 
  custom:scripting/monoscript/fileName/SceneChanger.cs: 4bb94d70706032f4bd969ba3ab0024bf -> 
  custom:scripting/precompiled-assembly-types:Assembly-CSharp: 575e568831d97950d448474530d47ad8 -> 0950573ccc79f0d8dd275579e87e265a
========================================================================
Received Prepare
Caller must complete domain reload
Begin MonoManager ReloadAssembly
- Loaded All Assemblies, in  0.416 seconds
Native extension for WindowsStandalone target not found
Native extension for Android target not found
Mono: successfully reloaded assembly
- Finished resetting the current domain, in  1.541 seconds
Domain Reload Profiling: 1955ms
	BeginReloadAssembly (147ms)
		ExecutionOrderSort (0ms)
		DisableScriptedObjects (3ms)
		BackupInstance (0ms)
		ReleaseScriptingObjects (0ms)
		CreateAndSetChildDomain (25ms)
	RebuildCommonClasses (24ms)
	RebuildNativeTypeToScriptingClass (8ms)
	initialDomainReloadingComplete (26ms)
	LoadAllAssembliesAndSetupDomain (207ms)
		LoadAssemblies (285ms)
		RebuildTransferFunctionScriptingTraits (0ms)
		AnalyzeDomain (11ms)
			TypeCache.Refresh (5ms)
				TypeCache.ScanAssembly (0ms)
			ScanForSourceGeneratedMonoScriptInfo (0ms)
			ResolveRequiredComponents (5ms)
	FinalizeReload (1542ms)
		ReleaseScriptCaches (0ms)
		RebuildScriptCaches (0ms)
		SetupLoadedEditorAssemblies (881ms)
			LogAssemblyErrors (0ms)
			InitializePlatformSupportModulesInManaged (29ms)
			SetLoadedEditorAssemblies (5ms)
			RefreshPlugins (0ms)
			BeforeProcessingInitializeOnLoad (112ms)
			ProcessInitializeOnLoadAttributes (697ms)
			ProcessInitializeOnLoadMethodAttributes (27ms)
			AfterProcessingInitializeOnLoad (12ms)
			EditorAssembliesLoaded (0ms)
		ExecutionOrderSort2 (0ms)
		AwakeInstancesAfterBackupRestoration (10ms)
Refreshing native plugins compatible for Editor in 14.50 ms, found 4 plugins.
Preloading 0 native plugins for Editor in 0.00 ms.
Unloading 3151 Unused Serialized files (Serialized files now loaded: 0)
Unloading 14 unused Assets / (28.6 KB). Loaded Objects now: 3753.
Memory consumption went from 125.1 MB to 125.1 MB.
Total: 4.545100 ms (FindLiveObjects: 0.400300 ms CreateObjectMapping: 0.096600 ms MarkObjects: 3.986600 ms  DeleteObjects: 0.059400 ms)

Prepare: number of updated asset objects reloaded= 0
AssetImportParameters requested are different than current active one (requested -> active):
  custom:container-demuxer-ogg: 62fdf1f143b41e24485cea50d1cbac27 -> 
  custom:scripting/monoscript/fileName/GameManager.cs: 9933fbcc6190e2a9171c2ec8808a053e -> 
  custom:video-codec-MediaFoundation-h265: 746d11721c4dcdbdad8f713fa42b33f4 -> 
  custom:video-decoder-ogg-theora: a1e56fd34408186e4bbccfd4996cb3dc -> 
  custom:framework-win-MediaFoundation: 216162199b28c13a410421893ffa2e32 -> 
  custom:CustomObjectIndexerAttribute: 9a22284fe3817be447336de3de66b15e -> 
  custom:container-demuxer-webm: 4f35f7cbe854078d1ac9338744f61a02 -> 
  custom:container-muxer-webm: aa71ff27fc2769a1b78a27578f13a17b -> 
  custom:video-decoder-webm-vp8: 9c59270c3fd7afecdb556c50c9e8de78 -> 
  custom:SearchIndexIgnoredProperties: e643bd26f0fe6173181afceb89e7c659 -> 
  custom:AudioImporter_EditorPlatform: d09bf68614088b80899f8185d706f6e7 -> 
  custom:video-encoder-webm-vp8: eb34c28f22e8b96e1ab97ce403110664 -> 
  custom:audio-decoder-ogg-vorbis: bf7c407c2cedff20999df2af8eb42d56 -> 
  custom:audio-encoder-webm-vorbis: bf7c407c2cedff20999df2af8eb42d56 -> 
  custom:scripting/monoscript/fileName/SceneChanger.cs: 4bb94d70706032f4bd969ba3ab0024bf -> 
  custom:scripting/precompiled-assembly-types:Assembly-CSharp: 575e568831d97950d448474530d47ad8 -> 0950573ccc79f0d8dd275579e87e265a
========================================================================
Received Import Request.
  Time since last request: 521.355946 seconds.
  path: Assets/Prefabs/penguin_atack_02.prefab
  artifactKey: Guid(d7b246ba9523dd5419bb5a55790da226) Importer(815301076,1909f56bfc062723c751e8b465ee728b)
Start importing Assets/Prefabs/penguin_atack_02.prefab using Guid(d7b246ba9523dd5419bb5a55790da226) Importer(815301076,1909f56bfc062723c751e8b465ee728b) [PhysX] Initialized MultithreadedTaskDispatcher with 18 workers.
[PhysX] Initialized MultithreadedTaskDispatcher with 18 workers.
 -> (artifact id: 'cbed733c2ff83363c6185202d096123c') in 0.085222 seconds
Number of updated asset objects reloaded before import = 0
Number of asset objects unloaded after import = 18
========================================================================
Received Import Request.
  Time since last request: 2.974404 seconds.
  path: Assets/Prefabs/penguin_slide_01.prefab
  artifactKey: Guid(1d32cfa9be657254481e1a2944f5fd83) Importer(815301076,1909f56bfc062723c751e8b465ee728b)
Start importing Assets/Prefabs/penguin_slide_01.prefab using Guid(1d32cfa9be657254481e1a2944f5fd83) Importer(815301076,1909f56bfc062723c751e8b465ee728b) [PhysX] Initialized MultithreadedTaskDispatcher with 18 workers.
[PhysX] Initialized MultithreadedTaskDispatcher with 18 workers.
 -> (artifact id: '9ca63dd187f7c1b20f2090f75af23e41') in 0.026196 seconds
Number of updated asset objects reloaded before import = 0
Number of asset objects unloaded after import = 9
========================================================================
Received Prepare
Caller must complete domain reload
Begin MonoManager ReloadAssembly
- Loaded All Assemblies, in  0.485 seconds
Native extension for WindowsStandalone target not found
Native extension for Android target not found
Mono: successfully reloaded assembly
- Finished resetting the current domain, in  1.865 seconds
Domain Reload Profiling: 2345ms
	BeginReloadAssembly (157ms)
		ExecutionOrderSort (0ms)
		DisableScriptedObjects (3ms)
		BackupInstance (0ms)
		ReleaseScriptingObjects (0ms)
		CreateAndSetChildDomain (27ms)
	RebuildCommonClasses (36ms)
	RebuildNativeTypeToScriptingClass (14ms)
	initialDomainReloadingComplete (34ms)
	LoadAllAssembliesAndSetupDomain (239ms)
		LoadAssemblies (317ms)
		RebuildTransferFunctionScriptingTraits (0ms)
		AnalyzeDomain (14ms)
			TypeCache.Refresh (7ms)
				TypeCache.ScanAssembly (0ms)
			ScanForSourceGeneratedMonoScriptInfo (0ms)
			ResolveRequiredComponents (5ms)
	FinalizeReload (1866ms)
		ReleaseScriptCaches (0ms)
		RebuildScriptCaches (0ms)
		SetupLoadedEditorAssemblies (1033ms)
			LogAssemblyErrors (0ms)
			InitializePlatformSupportModulesInManaged (36ms)
			SetLoadedEditorAssemblies (4ms)
			RefreshPlugins (0ms)
			BeforeProcessingInitializeOnLoad (97ms)
			ProcessInitializeOnLoadAttributes (852ms)
			ProcessInitializeOnLoadMethodAttributes (30ms)
			AfterProcessingInitializeOnLoad (14ms)
			EditorAssembliesLoaded (0ms)
		ExecutionOrderSort2 (0ms)
		AwakeInstancesAfterBackupRestoration (12ms)
Refreshing native plugins compatible for Editor in 14.48 ms, found 4 plugins.
Preloading 0 native plugins for Editor in 0.00 ms.
Unloading 3150 Unused Serialized files (Serialized files now loaded: 0)
Unloading 14 unused Assets / (28.5 KB). Loaded Objects now: 3756.
Memory consumption went from 124.9 MB to 124.9 MB.
Total: 3.809000 ms (FindLiveObjects: 0.389300 ms CreateObjectMapping: 0.078900 ms MarkObjects: 3.289100 ms  DeleteObjects: 0.050600 ms)

Prepare: number of updated asset objects reloaded= 0
AssetImportParameters requested are different than current active one (requested -> active):
  custom:container-demuxer-ogg: 62fdf1f143b41e24485cea50d1cbac27 -> 
  custom:scripting/monoscript/fileName/GameManager.cs: 9933fbcc6190e2a9171c2ec8808a053e -> 
  custom:video-codec-MediaFoundation-h265: 746d11721c4dcdbdad8f713fa42b33f4 -> 
  custom:video-decoder-ogg-theora: a1e56fd34408186e4bbccfd4996cb3dc -> 
  custom:framework-win-MediaFoundation: 216162199b28c13a410421893ffa2e32 -> 
  custom:CustomObjectIndexerAttribute: 9a22284fe3817be447336de3de66b15e -> 
  custom:container-demuxer-webm: 4f35f7cbe854078d1ac9338744f61a02 -> 
  custom:container-muxer-webm: aa71ff27fc2769a1b78a27578f13a17b -> 
  custom:video-decoder-webm-vp8: 9c59270c3fd7afecdb556c50c9e8de78 -> 
  custom:SearchIndexIgnoredProperties: e643bd26f0fe6173181afceb89e7c659 -> 
  custom:AudioImporter_EditorPlatform: d09bf68614088b80899f8185d706f6e7 -> 
  custom:video-encoder-webm-vp8: eb34c28f22e8b96e1ab97ce403110664 -> 
  custom:audio-decoder-ogg-vorbis: bf7c407c2cedff20999df2af8eb42d56 -> 
  custom:audio-encoder-webm-vorbis: bf7c407c2cedff20999df2af8eb42d56 -> 
  custom:scripting/monoscript/fileName/SceneChanger.cs: 4bb94d70706032f4bd969ba3ab0024bf -> 
  custom:scripting/precompiled-assembly-types:Assembly-CSharp: 575e568831d97950d448474530d47ad8 -> 0950573ccc79f0d8dd275579e87e265a
========================================================================
Received Prepare
Caller must complete domain reload
Begin MonoManager ReloadAssembly
- Loaded All Assemblies, in  0.446 seconds
Native extension for WindowsStandalone target not found
Native extension for Android target not found
Mono: successfully reloaded assembly
- Finished resetting the current domain, in  1.548 seconds
Domain Reload Profiling: 1991ms
	BeginReloadAssembly (152ms)
		ExecutionOrderSort (0ms)
		DisableScriptedObjects (4ms)
		BackupInstance (0ms)
		ReleaseScriptingObjects (0ms)
		CreateAndSetChildDomain (27ms)
	RebuildCommonClasses (28ms)
	RebuildNativeTypeToScriptingClass (9ms)
	initialDomainReloadingComplete (31ms)
	LoadAllAssembliesAndSetupDomain (222ms)
		LoadAssemblies (301ms)
		RebuildTransferFunctionScriptingTraits (0ms)
		AnalyzeDomain (12ms)
			TypeCache.Refresh (5ms)
				TypeCache.ScanAssembly (0ms)
			ScanForSourceGeneratedMonoScriptInfo (0ms)
			ResolveRequiredComponents (5ms)
	FinalizeReload (1549ms)
		ReleaseScriptCaches (0ms)
		RebuildScriptCaches (0ms)
		SetupLoadedEditorAssemblies (825ms)
			LogAssemblyErrors (0ms)
			InitializePlatformSupportModulesInManaged (26ms)
			SetLoadedEditorAssemblies (4ms)
			RefreshPlugins (0ms)
			BeforeProcessingInitializeOnLoad (77ms)
			ProcessInitializeOnLoadAttributes (679ms)
			ProcessInitializeOnLoadMethodAttributes (27ms)
			AfterProcessingInitializeOnLoad (12ms)
			EditorAssembliesLoaded (0ms)
		ExecutionOrderSort2 (0ms)
		AwakeInstancesAfterBackupRestoration (13ms)
Refreshing native plugins compatible for Editor in 16.53 ms, found 4 plugins.
Preloading 0 native plugins for Editor in 0.00 ms.
Unloading 3151 Unused Serialized files (Serialized files now loaded: 0)
Unloading 14 unused Assets / (28.5 KB). Loaded Objects now: 3759.
Memory consumption went from 125.1 MB to 125.1 MB.
Total: 4.955300 ms (FindLiveObjects: 0.386800 ms CreateObjectMapping: 0.075700 ms MarkObjects: 4.436700 ms  DeleteObjects: 0.054200 ms)

Prepare: number of updated asset objects reloaded= 0
AssetImportParameters requested are different than current active one (requested -> active):
  custom:container-demuxer-ogg: 62fdf1f143b41e24485cea50d1cbac27 -> 
  custom:scripting/monoscript/fileName/GameManager.cs: 9933fbcc6190e2a9171c2ec8808a053e -> 
  custom:video-codec-MediaFoundation-h265: 746d11721c4dcdbdad8f713fa42b33f4 -> 
  custom:video-decoder-ogg-theora: a1e56fd34408186e4bbccfd4996cb3dc -> 
  custom:framework-win-MediaFoundation: 216162199b28c13a410421893ffa2e32 -> 
  custom:CustomObjectIndexerAttribute: 9a22284fe3817be447336de3de66b15e -> 
  custom:container-demuxer-webm: 4f35f7cbe854078d1ac9338744f61a02 -> 
  custom:container-muxer-webm: aa71ff27fc2769a1b78a27578f13a17b -> 
  custom:video-decoder-webm-vp8: 9c59270c3fd7afecdb556c50c9e8de78 -> 
  custom:SearchIndexIgnoredProperties: e643bd26f0fe6173181afceb89e7c659 -> 
  custom:AudioImporter_EditorPlatform: d09bf68614088b80899f8185d706f6e7 -> 
  custom:video-encoder-webm-vp8: eb34c28f22e8b96e1ab97ce403110664 -> 
  custom:audio-decoder-ogg-vorbis: bf7c407c2cedff20999df2af8eb42d56 -> 
  custom:audio-encoder-webm-vorbis: bf7c407c2cedff20999df2af8eb42d56 -> 
  custom:scripting/monoscript/fileName/SceneChanger.cs: 4bb94d70706032f4bd969ba3ab0024bf -> 
  custom:scripting/precompiled-assembly-types:Assembly-CSharp: 575e568831d97950d448474530d47ad8 -> 0950573ccc79f0d8dd275579e87e265a
========================================================================
Received Prepare
Caller must complete domain reload
Begin MonoManager ReloadAssembly
- Loaded All Assemblies, in  0.800 seconds
Native extension for WindowsStandalone target not found
Native extension for Android target not found
Mono: successfully reloaded assembly
- Finished resetting the current domain, in  1.588 seconds
Domain Reload Profiling: 2380ms
	BeginReloadAssembly (260ms)
		ExecutionOrderSort (0ms)
		DisableScriptedObjects (4ms)
		BackupInstance (0ms)
		ReleaseScriptingObjects (0ms)
		CreateAndSetChildDomain (47ms)
	RebuildCommonClasses (44ms)
	RebuildNativeTypeToScriptingClass (15ms)
	initialDomainReloadingComplete (39ms)
	LoadAllAssembliesAndSetupDomain (434ms)
		LoadAssemblies (550ms)
		RebuildTransferFunctionScriptingTraits (0ms)
		AnalyzeDomain (42ms)
			TypeCache.Refresh (16ms)
				TypeCache.ScanAssembly (0ms)
			ScanForSourceGeneratedMonoScriptInfo (13ms)
			ResolveRequiredComponents (9ms)
	FinalizeReload (1588ms)
		ReleaseScriptCaches (0ms)
		RebuildScriptCaches (0ms)
		SetupLoadedEditorAssemblies (594ms)
			LogAssemblyErrors (0ms)
			InitializePlatformSupportModulesInManaged (16ms)
			SetLoadedEditorAssemblies (3ms)
			RefreshPlugins (0ms)
			BeforeProcessingInitializeOnLoad (54ms)
			ProcessInitializeOnLoadAttributes (492ms)
			ProcessInitializeOnLoadMethodAttributes (20ms)
			AfterProcessingInitializeOnLoad (8ms)
			EditorAssembliesLoaded (0ms)
		ExecutionOrderSort2 (0ms)
		AwakeInstancesAfterBackupRestoration (7ms)
Refreshing native plugins compatible for Editor in 11.84 ms, found 4 plugins.
Preloading 0 native plugins for Editor in 0.00 ms.
Unloading 3151 Unused Serialized files (Serialized files now loaded: 0)
Unloading 14 unused Assets / (28.5 KB). Loaded Objects now: 3762.
Memory consumption went from 125.1 MB to 125.1 MB.
Total: 3.524700 ms (FindLiveObjects: 0.390000 ms CreateObjectMapping: 0.136200 ms MarkObjects: 2.955600 ms  DeleteObjects: 0.040900 ms)

Prepare: number of updated asset objects reloaded= 0
AssetImportParameters requested are different than current active one (requested -> active):
  custom:container-demuxer-ogg: 62fdf1f143b41e24485cea50d1cbac27 -> 
  custom:scripting/monoscript/fileName/GameManager.cs: 9933fbcc6190e2a9171c2ec8808a053e -> 
  custom:video-codec-MediaFoundation-h265: 746d11721c4dcdbdad8f713fa42b33f4 -> 
  custom:video-decoder-ogg-theora: a1e56fd34408186e4bbccfd4996cb3dc -> 
  custom:framework-win-MediaFoundation: 216162199b28c13a410421893ffa2e32 -> 
  custom:CustomObjectIndexerAttribute: 9a22284fe3817be447336de3de66b15e -> 
  custom:container-demuxer-webm: 4f35f7cbe854078d1ac9338744f61a02 -> 
  custom:container-muxer-webm: aa71ff27fc2769a1b78a27578f13a17b -> 
  custom:video-decoder-webm-vp8: 9c59270c3fd7afecdb556c50c9e8de78 -> 
  custom:SearchIndexIgnoredProperties: e643bd26f0fe6173181afceb89e7c659 -> 
  custom:AudioImporter_EditorPlatform: d09bf68614088b80899f8185d706f6e7 -> 
  custom:video-encoder-webm-vp8: eb34c28f22e8b96e1ab97ce403110664 -> 
  custom:audio-decoder-ogg-vorbis: bf7c407c2cedff20999df2af8eb42d56 -> 
  custom:audio-encoder-webm-vorbis: bf7c407c2cedff20999df2af8eb42d56 -> 
  custom:scripting/monoscript/fileName/SceneChanger.cs: 4bb94d70706032f4bd969ba3ab0024bf -> 
  custom:scripting/precompiled-assembly-types:Assembly-CSharp: 575e568831d97950d448474530d47ad8 -> 0950573ccc79f0d8dd275579e87e265a
========================================================================
Received Prepare
Caller must complete domain reload
Begin MonoManager ReloadAssembly
- Loaded All Assemblies, in  0.446 seconds
Native extension for WindowsStandalone target not found
Native extension for Android target not found
Mono: successfully reloaded assembly
- Finished resetting the current domain, in  1.633 seconds
Domain Reload Profiling: 2076ms
	BeginReloadAssembly (151ms)
		ExecutionOrderSort (0ms)
		DisableScriptedObjects (5ms)
		BackupInstance (0ms)
		ReleaseScriptingObjects (0ms)
		CreateAndSetChildDomain (28ms)
	RebuildCommonClasses (34ms)
	RebuildNativeTypeToScriptingClass (9ms)
	initialDomainReloadingComplete (32ms)
	LoadAllAssembliesAndSetupDomain (216ms)
		LoadAssemblies (290ms)
		RebuildTransferFunctionScriptingTraits (0ms)
		AnalyzeDomain (11ms)
			TypeCache.Refresh (5ms)
				TypeCache.ScanAssembly (0ms)
			ScanForSourceGeneratedMonoScriptInfo (0ms)
			ResolveRequiredComponents (5ms)
	FinalizeReload (1634ms)
		ReleaseScriptCaches (0ms)
		RebuildScriptCaches (0ms)
		SetupLoadedEditorAssemblies (900ms)
			LogAssemblyErrors (0ms)
			InitializePlatformSupportModulesInManaged (31ms)
			SetLoadedEditorAssemblies (5ms)
			RefreshPlugins (0ms)
			BeforeProcessingInitializeOnLoad (95ms)
			ProcessInitializeOnLoadAttributes (728ms)
			ProcessInitializeOnLoadMethodAttributes (30ms)
			AfterProcessingInitializeOnLoad (12ms)
			EditorAssembliesLoaded (0ms)
		ExecutionOrderSort2 (0ms)
		AwakeInstancesAfterBackupRestoration (11ms)
Refreshing native plugins compatible for Editor in 18.15 ms, found 4 plugins.
Preloading 0 native plugins for Editor in 0.00 ms.
Unloading 3151 Unused Serialized files (Serialized files now loaded: 0)
Unloading 14 unused Assets / (28.6 KB). Loaded Objects now: 3765.
Memory consumption went from 125.1 MB to 125.1 MB.
Total: 5.340200 ms (FindLiveObjects: 0.692900 ms CreateObjectMapping: 0.277400 ms MarkObjects: 4.300800 ms  DeleteObjects: 0.067100 ms)

Prepare: number of updated asset objects reloaded= 0
AssetImportParameters requested are different than current active one (requested -> active):
  custom:container-demuxer-ogg: 62fdf1f143b41e24485cea50d1cbac27 -> 
  custom:scripting/monoscript/fileName/GameManager.cs: 9933fbcc6190e2a9171c2ec8808a053e -> 
  custom:video-codec-MediaFoundation-h265: 746d11721c4dcdbdad8f713fa42b33f4 -> 
  custom:video-decoder-ogg-theora: a1e56fd34408186e4bbccfd4996cb3dc -> 
  custom:framework-win-MediaFoundation: 216162199b28c13a410421893ffa2e32 -> 
  custom:CustomObjectIndexerAttribute: 9a22284fe3817be447336de3de66b15e -> 
  custom:container-demuxer-webm: 4f35f7cbe854078d1ac9338744f61a02 -> 
  custom:container-muxer-webm: aa71ff27fc2769a1b78a27578f13a17b -> 
  custom:video-decoder-webm-vp8: 9c59270c3fd7afecdb556c50c9e8de78 -> 
  custom:SearchIndexIgnoredProperties: e643bd26f0fe6173181afceb89e7c659 -> 
  custom:AudioImporter_EditorPlatform: d09bf68614088b80899f8185d706f6e7 -> 
  custom:video-encoder-webm-vp8: eb34c28f22e8b96e1ab97ce403110664 -> 
  custom:audio-decoder-ogg-vorbis: bf7c407c2cedff20999df2af8eb42d56 -> 
  custom:audio-encoder-webm-vorbis: bf7c407c2cedff20999df2af8eb42d56 -> 
  custom:scripting/monoscript/fileName/SceneChanger.cs: 4bb94d70706032f4bd969ba3ab0024bf -> 
  custom:scripting/precompiled-assembly-types:Assembly-CSharp: 575e568831d97950d448474530d47ad8 -> 0950573ccc79f0d8dd275579e87e265a
========================================================================
Received Prepare
Caller must complete domain reload
Begin MonoManager ReloadAssembly
- Loaded All Assemblies, in  0.438 seconds
Native extension for WindowsStandalone target not found
Native extension for Android target not found
Mono: successfully reloaded assembly
- Finished resetting the current domain, in  1.510 seconds
Domain Reload Profiling: 1945ms
	BeginReloadAssembly (145ms)
		ExecutionOrderSort (0ms)
		DisableScriptedObjects (4ms)
		BackupInstance (0ms)
		ReleaseScriptingObjects (0ms)
		CreateAndSetChildDomain (25ms)
	RebuildCommonClasses (30ms)
	RebuildNativeTypeToScriptingClass (12ms)
	initialDomainReloadingComplete (27ms)
	LoadAllAssembliesAndSetupDomain (219ms)
		LoadAssemblies (292ms)
		RebuildTransferFunctionScriptingTraits (0ms)
		AnalyzeDomain (11ms)
			TypeCache.Refresh (5ms)
				TypeCache.ScanAssembly (0ms)
			ScanForSourceGeneratedMonoScriptInfo (0ms)
			ResolveRequiredComponents (4ms)
	FinalizeReload (1511ms)
		ReleaseScriptCaches (0ms)
		RebuildScriptCaches (0ms)
		SetupLoadedEditorAssemblies (850ms)
			LogAssemblyErrors (0ms)
			InitializePlatformSupportModulesInManaged (30ms)
			SetLoadedEditorAssemblies (3ms)
			RefreshPlugins (0ms)
			BeforeProcessingInitializeOnLoad (82ms)
			ProcessInitializeOnLoadAttributes (700ms)
			ProcessInitializeOnLoadMethodAttributes (24ms)
			AfterProcessingInitializeOnLoad (10ms)
			EditorAssembliesLoaded (0ms)
		ExecutionOrderSort2 (0ms)
		AwakeInstancesAfterBackupRestoration (10ms)
Refreshing native plugins compatible for Editor in 17.06 ms, found 4 plugins.
Preloading 0 native plugins for Editor in 0.00 ms.
Unloading 3151 Unused Serialized files (Serialized files now loaded: 0)
Unloading 14 unused Assets / (28.5 KB). Loaded Objects now: 3768.
Memory consumption went from 125.1 MB to 125.1 MB.
Total: 5.327300 ms (FindLiveObjects: 0.435500 ms CreateObjectMapping: 0.088400 ms MarkObjects: 4.746400 ms  DeleteObjects: 0.055300 ms)

Prepare: number of updated asset objects reloaded= 0
AssetImportParameters requested are different than current active one (requested -> active):
  custom:container-demuxer-ogg: 62fdf1f143b41e24485cea50d1cbac27 -> 
  custom:scripting/monoscript/fileName/GameManager.cs: 9933fbcc6190e2a9171c2ec8808a053e -> 
  custom:video-codec-MediaFoundation-h265: 746d11721c4dcdbdad8f713fa42b33f4 -> 
  custom:video-decoder-ogg-theora: a1e56fd34408186e4bbccfd4996cb3dc -> 
  custom:framework-win-MediaFoundation: 216162199b28c13a410421893ffa2e32 -> 
  custom:CustomObjectIndexerAttribute: 9a22284fe3817be447336de3de66b15e -> 
  custom:container-demuxer-webm: 4f35f7cbe854078d1ac9338744f61a02 -> 
  custom:container-muxer-webm: aa71ff27fc2769a1b78a27578f13a17b -> 
  custom:video-decoder-webm-vp8: 9c59270c3fd7afecdb556c50c9e8de78 -> 
  custom:SearchIndexIgnoredProperties: e643bd26f0fe6173181afceb89e7c659 -> 
  custom:AudioImporter_EditorPlatform: d09bf68614088b80899f8185d706f6e7 -> 
  custom:video-encoder-webm-vp8: eb34c28f22e8b96e1ab97ce403110664 -> 
  custom:audio-decoder-ogg-vorbis: bf7c407c2cedff20999df2af8eb42d56 -> 
  custom:audio-encoder-webm-vorbis: bf7c407c2cedff20999df2af8eb42d56 -> 
  custom:scripting/monoscript/fileName/SceneChanger.cs: 4bb94d70706032f4bd969ba3ab0024bf -> 
  custom:scripting/precompiled-assembly-types:Assembly-CSharp: 575e568831d97950d448474530d47ad8 -> 0950573ccc79f0d8dd275579e87e265a
========================================================================
Received Prepare
Caller must complete domain reload
Begin MonoManager ReloadAssembly
- Loaded All Assemblies, in  0.478 seconds
Native extension for WindowsStandalone target not found
Native extension for Android target not found
Mono: successfully reloaded assembly
- Finished resetting the current domain, in  1.302 seconds
Domain Reload Profiling: 1777ms
	BeginReloadAssembly (154ms)
		ExecutionOrderSort (0ms)
		DisableScriptedObjects (3ms)
		BackupInstance (0ms)
		ReleaseScriptingObjects (0ms)
		CreateAndSetChildDomain (34ms)
	RebuildCommonClasses (36ms)
	RebuildNativeTypeToScriptingClass (12ms)
	initialDomainReloadingComplete (29ms)
	LoadAllAssembliesAndSetupDomain (243ms)
		LoadAssemblies (307ms)
		RebuildTransferFunctionScriptingTraits (0ms)
		AnalyzeDomain (21ms)
			TypeCache.Refresh (7ms)
				TypeCache.ScanAssembly (0ms)
			ScanForSourceGeneratedMonoScriptInfo (7ms)
			ResolveRequiredComponents (5ms)
	FinalizeReload (1302ms)
		ReleaseScriptCaches (0ms)
		RebuildScriptCaches (0ms)
		SetupLoadedEditorAssemblies (610ms)
			LogAssemblyErrors (0ms)
			InitializePlatformSupportModulesInManaged (16ms)
			SetLoadedEditorAssemblies (3ms)
			RefreshPlugins (0ms)
			BeforeProcessingInitializeOnLoad (59ms)
			ProcessInitializeOnLoadAttributes (504ms)
			ProcessInitializeOnLoadMethodAttributes (18ms)
			AfterProcessingInitializeOnLoad (9ms)
			EditorAssembliesLoaded (0ms)
		ExecutionOrderSort2 (0ms)
		AwakeInstancesAfterBackupRestoration (8ms)
Refreshing native plugins compatible for Editor in 9.85 ms, found 4 plugins.
Preloading 0 native plugins for Editor in 0.00 ms.
Unloading 3151 Unused Serialized files (Serialized files now loaded: 0)
Unloading 14 unused Assets / (28.5 KB). Loaded Objects now: 3771.
Memory consumption went from 125.1 MB to 125.1 MB.
Total: 4.531500 ms (FindLiveObjects: 0.310500 ms CreateObjectMapping: 0.095400 ms MarkObjects: 4.078100 ms  DeleteObjects: 0.045800 ms)

Prepare: number of updated asset objects reloaded= 0
AssetImportParameters requested are different than current active one (requested -> active):
  custom:container-demuxer-ogg: 62fdf1f143b41e24485cea50d1cbac27 -> 
  custom:scripting/monoscript/fileName/GameManager.cs: 9933fbcc6190e2a9171c2ec8808a053e -> 
  custom:video-codec-MediaFoundation-h265: 746d11721c4dcdbdad8f713fa42b33f4 -> 
  custom:video-decoder-ogg-theora: a1e56fd34408186e4bbccfd4996cb3dc -> 
  custom:framework-win-MediaFoundation: 216162199b28c13a410421893ffa2e32 -> 
  custom:CustomObjectIndexerAttribute: 9a22284fe3817be447336de3de66b15e -> 
  custom:container-demuxer-webm: 4f35f7cbe854078d1ac9338744f61a02 -> 
  custom:container-muxer-webm: aa71ff27fc2769a1b78a27578f13a17b -> 
  custom:video-decoder-webm-vp8: 9c59270c3fd7afecdb556c50c9e8de78 -> 
  custom:SearchIndexIgnoredProperties: e643bd26f0fe6173181afceb89e7c659 -> 
  custom:AudioImporter_EditorPlatform: d09bf68614088b80899f8185d706f6e7 -> 
  custom:video-encoder-webm-vp8: eb34c28f22e8b96e1ab97ce403110664 -> 
  custom:audio-decoder-ogg-vorbis: bf7c407c2cedff20999df2af8eb42d56 -> 
  custom:audio-encoder-webm-vorbis: bf7c407c2cedff20999df2af8eb42d56 -> 
  custom:scripting/monoscript/fileName/SceneChanger.cs: 4bb94d70706032f4bd969ba3ab0024bf -> 
  custom:scripting/precompiled-assembly-types:Assembly-CSharp: 575e568831d97950d448474530d47ad8 -> 0950573ccc79f0d8dd275579e87e265a
========================================================================
Received Prepare
Caller must complete domain reload
Begin MonoManager ReloadAssembly
- Loaded All Assemblies, in  0.462 seconds
Native extension for WindowsStandalone target not found
Native extension for Android target not found
Mono: successfully reloaded assembly
- Finished resetting the current domain, in  1.683 seconds
Domain Reload Profiling: 2143ms
	BeginReloadAssembly (161ms)
		ExecutionOrderSort (0ms)
		DisableScriptedObjects (4ms)
		BackupInstance (0ms)
		ReleaseScriptingObjects (0ms)
		CreateAndSetChildDomain (28ms)
	RebuildCommonClasses (30ms)
	RebuildNativeTypeToScriptingClass (16ms)
	initialDomainReloadingComplete (32ms)
	LoadAllAssembliesAndSetupDomain (220ms)
		LoadAssemblies (300ms)
		RebuildTransferFunctionScriptingTraits (0ms)
		AnalyzeDomain (14ms)
			TypeCache.Refresh (8ms)
				TypeCache.ScanAssembly (0ms)
			ScanForSourceGeneratedMonoScriptInfo (0ms)
			ResolveRequiredComponents (4ms)
	FinalizeReload (1684ms)
		ReleaseScriptCaches (0ms)
		RebuildScriptCaches (0ms)
		SetupLoadedEditorAssemblies (955ms)
			LogAssemblyErrors (0ms)
			InitializePlatformSupportModulesInManaged (27ms)
			SetLoadedEditorAssemblies (4ms)
			RefreshPlugins (0ms)
			BeforeProcessingInitializeOnLoad (94ms)
			ProcessInitializeOnLoadAttributes (786ms)
			ProcessInitializeOnLoadMethodAttributes (31ms)
			AfterProcessingInitializeOnLoad (13ms)
			EditorAssembliesLoaded (0ms)
		ExecutionOrderSort2 (0ms)
		AwakeInstancesAfterBackupRestoration (11ms)
Refreshing native plugins compatible for Editor in 13.42 ms, found 4 plugins.
Preloading 0 native plugins for Editor in 0.00 ms.
Unloading 3151 Unused Serialized files (Serialized files now loaded: 0)
Unloading 14 unused Assets / (28.5 KB). Loaded Objects now: 3774.
Memory consumption went from 125.2 MB to 125.1 MB.
Total: 4.833900 ms (FindLiveObjects: 0.253500 ms CreateObjectMapping: 0.059500 ms MarkObjects: 4.450600 ms  DeleteObjects: 0.068500 ms)

Prepare: number of updated asset objects reloaded= 0
AssetImportParameters requested are different than current active one (requested -> active):
  custom:container-demuxer-ogg: 62fdf1f143b41e24485cea50d1cbac27 -> 
  custom:scripting/monoscript/fileName/GameManager.cs: 9933fbcc6190e2a9171c2ec8808a053e -> 
  custom:video-codec-MediaFoundation-h265: 746d11721c4dcdbdad8f713fa42b33f4 -> 
  custom:video-decoder-ogg-theora: a1e56fd34408186e4bbccfd4996cb3dc -> 
  custom:framework-win-MediaFoundation: 216162199b28c13a410421893ffa2e32 -> 
  custom:CustomObjectIndexerAttribute: 9a22284fe3817be447336de3de66b15e -> 
  custom:container-demuxer-webm: 4f35f7cbe854078d1ac9338744f61a02 -> 
  custom:container-muxer-webm: aa71ff27fc2769a1b78a27578f13a17b -> 
  custom:video-decoder-webm-vp8: 9c59270c3fd7afecdb556c50c9e8de78 -> 
  custom:SearchIndexIgnoredProperties: e643bd26f0fe6173181afceb89e7c659 -> 
  custom:AudioImporter_EditorPlatform: d09bf68614088b80899f8185d706f6e7 -> 
  custom:video-encoder-webm-vp8: eb34c28f22e8b96e1ab97ce403110664 -> 
  custom:audio-decoder-ogg-vorbis: bf7c407c2cedff20999df2af8eb42d56 -> 
  custom:audio-encoder-webm-vorbis: bf7c407c2cedff20999df2af8eb42d56 -> 
  custom:scripting/monoscript/fileName/SceneChanger.cs: 4bb94d70706032f4bd969ba3ab0024bf -> 
  custom:scripting/precompiled-assembly-types:Assembly-CSharp: 575e568831d97950d448474530d47ad8 -> 0950573ccc79f0d8dd275579e87e265a
========================================================================
Received Prepare
Caller must complete domain reload
Begin MonoManager ReloadAssembly
- Loaded All Assemblies, in  0.484 seconds
Native extension for WindowsStandalone target not found
Native extension for Android target not found
Mono: successfully reloaded assembly
- Finished resetting the current domain, in  1.520 seconds
Domain Reload Profiling: 2001ms
	BeginReloadAssembly (179ms)
		ExecutionOrderSort (0ms)
		DisableScriptedObjects (4ms)
		BackupInstance (0ms)
		ReleaseScriptingObjects (0ms)
		CreateAndSetChildDomain (37ms)
	RebuildCommonClasses (35ms)
	RebuildNativeTypeToScriptingClass (12ms)
	initialDomainReloadingComplete (27ms)
	LoadAllAssembliesAndSetupDomain (226ms)
		LoadAssemblies (320ms)
		RebuildTransferFunctionScriptingTraits (0ms)
		AnalyzeDomain (10ms)
			TypeCache.Refresh (4ms)
				TypeCache.ScanAssembly (0ms)
			ScanForSourceGeneratedMonoScriptInfo (0ms)
			ResolveRequiredComponents (4ms)
	FinalizeReload (1521ms)
		ReleaseScriptCaches (0ms)
		RebuildScriptCaches (0ms)
		SetupLoadedEditorAssemblies (824ms)
			LogAssemblyErrors (0ms)
			InitializePlatformSupportModulesInManaged (27ms)
			SetLoadedEditorAssemblies (3ms)
			RefreshPlugins (0ms)
			BeforeProcessingInitializeOnLoad (76ms)
			ProcessInitializeOnLoadAttributes (682ms)
			ProcessInitializeOnLoadMethodAttributes (24ms)
			AfterProcessingInitializeOnLoad (11ms)
			EditorAssembliesLoaded (0ms)
		ExecutionOrderSort2 (0ms)
		AwakeInstancesAfterBackupRestoration (8ms)
Refreshing native plugins compatible for Editor in 13.12 ms, found 4 plugins.
Preloading 0 native plugins for Editor in 0.00 ms.
Unloading 3151 Unused Serialized files (Serialized files now loaded: 0)
Unloading 14 unused Assets / (28.5 KB). Loaded Objects now: 3777.
Memory consumption went from 125.2 MB to 125.1 MB.
Total: 3.689200 ms (FindLiveObjects: 0.344500 ms CreateObjectMapping: 0.062500 ms MarkObjects: 3.232000 ms  DeleteObjects: 0.048600 ms)

Prepare: number of updated asset objects reloaded= 0
AssetImportParameters requested are different than current active one (requested -> active):
  custom:container-demuxer-ogg: 62fdf1f143b41e24485cea50d1cbac27 -> 
  custom:scripting/monoscript/fileName/GameManager.cs: 9933fbcc6190e2a9171c2ec8808a053e -> 
  custom:video-codec-MediaFoundation-h265: 746d11721c4dcdbdad8f713fa42b33f4 -> 
  custom:video-decoder-ogg-theora: a1e56fd34408186e4bbccfd4996cb3dc -> 
  custom:framework-win-MediaFoundation: 216162199b28c13a410421893ffa2e32 -> 
  custom:CustomObjectIndexerAttribute: 9a22284fe3817be447336de3de66b15e -> 
  custom:container-demuxer-webm: 4f35f7cbe854078d1ac9338744f61a02 -> 
  custom:container-muxer-webm: aa71ff27fc2769a1b78a27578f13a17b -> 
  custom:video-decoder-webm-vp8: 9c59270c3fd7afecdb556c50c9e8de78 -> 
  custom:SearchIndexIgnoredProperties: e643bd26f0fe6173181afceb89e7c659 -> 
  custom:AudioImporter_EditorPlatform: d09bf68614088b80899f8185d706f6e7 -> 
  custom:video-encoder-webm-vp8: eb34c28f22e8b96e1ab97ce403110664 -> 
  custom:audio-decoder-ogg-vorbis: bf7c407c2cedff20999df2af8eb42d56 -> 
  custom:audio-encoder-webm-vorbis: bf7c407c2cedff20999df2af8eb42d56 -> 
  custom:scripting/monoscript/fileName/SceneChanger.cs: 4bb94d70706032f4bd969ba3ab0024bf -> 
  custom:scripting/precompiled-assembly-types:Assembly-CSharp: 575e568831d97950d448474530d47ad8 -> 0950573ccc79f0d8dd275579e87e265a
========================================================================
Received Prepare
Caller must complete domain reload
Begin MonoManager ReloadAssembly
- Loaded All Assemblies, in  0.738 seconds
Native extension for WindowsStandalone target not found
Native extension for Android target not found
Mono: successfully reloaded assembly
- Finished resetting the current domain, in  1.652 seconds
Domain Reload Profiling: 2382ms
	BeginReloadAssembly (216ms)
		ExecutionOrderSort (0ms)
		DisableScriptedObjects (5ms)
		BackupInstance (0ms)
		ReleaseScriptingObjects (0ms)
		CreateAndSetChildDomain (46ms)
	RebuildCommonClasses (43ms)
	RebuildNativeTypeToScriptingClass (19ms)
	initialDomainReloadingComplete (59ms)
	LoadAllAssembliesAndSetupDomain (390ms)
		LoadAssemblies (470ms)
		RebuildTransferFunctionScriptingTraits (0ms)
		AnalyzeDomain (42ms)
			TypeCache.Refresh (15ms)
				TypeCache.ScanAssembly (0ms)
			ScanForSourceGeneratedMonoScriptInfo (14ms)
			ResolveRequiredComponents (10ms)
	FinalizeReload (1653ms)
		ReleaseScriptCaches (0ms)
		RebuildScriptCaches (0ms)
		SetupLoadedEditorAssemblies (742ms)
			LogAssemblyErrors (0ms)
			InitializePlatformSupportModulesInManaged (27ms)
			SetLoadedEditorAssemblies (4ms)
			RefreshPlugins (0ms)
			BeforeProcessingInitializeOnLoad (105ms)
			ProcessInitializeOnLoadAttributes (579ms)
			ProcessInitializeOnLoadMethodAttributes (19ms)
			AfterProcessingInitializeOnLoad (9ms)
			EditorAssembliesLoaded (0ms)
		ExecutionOrderSort2 (0ms)
		AwakeInstancesAfterBackupRestoration (7ms)
Refreshing native plugins compatible for Editor in 11.14 ms, found 4 plugins.
Preloading 0 native plugins for Editor in 0.00 ms.
Unloading 3151 Unused Serialized files (Serialized files now loaded: 0)
Unloading 14 unused Assets / (28.6 KB). Loaded Objects now: 3780.
Memory consumption went from 125.2 MB to 125.1 MB.
Total: 3.326300 ms (FindLiveObjects: 0.188800 ms CreateObjectMapping: 0.047300 ms MarkObjects: 3.051100 ms  DeleteObjects: 0.038500 ms)

Prepare: number of updated asset objects reloaded= 0
AssetImportParameters requested are different than current active one (requested -> active):
  custom:container-demuxer-ogg: 62fdf1f143b41e24485cea50d1cbac27 -> 
  custom:scripting/monoscript/fileName/GameManager.cs: 9933fbcc6190e2a9171c2ec8808a053e -> 
  custom:video-codec-MediaFoundation-h265: 746d11721c4dcdbdad8f713fa42b33f4 -> 
  custom:video-decoder-ogg-theora: a1e56fd34408186e4bbccfd4996cb3dc -> 
  custom:framework-win-MediaFoundation: 216162199b28c13a410421893ffa2e32 -> 
  custom:CustomObjectIndexerAttribute: 9a22284fe3817be447336de3de66b15e -> 
  custom:container-demuxer-webm: 4f35f7cbe854078d1ac9338744f61a02 -> 
  custom:container-muxer-webm: aa71ff27fc2769a1b78a27578f13a17b -> 
  custom:video-decoder-webm-vp8: 9c59270c3fd7afecdb556c50c9e8de78 -> 
  custom:SearchIndexIgnoredProperties: e643bd26f0fe6173181afceb89e7c659 -> 
  custom:AudioImporter_EditorPlatform: d09bf68614088b80899f8185d706f6e7 -> 
  custom:video-encoder-webm-vp8: eb34c28f22e8b96e1ab97ce403110664 -> 
  custom:audio-decoder-ogg-vorbis: bf7c407c2cedff20999df2af8eb42d56 -> 
  custom:audio-encoder-webm-vorbis: bf7c407c2cedff20999df2af8eb42d56 -> 
  custom:scripting/monoscript/fileName/SceneChanger.cs: 4bb94d70706032f4bd969ba3ab0024bf -> 
  custom:scripting/precompiled-assembly-types:Assembly-CSharp: 575e568831d97950d448474530d47ad8 -> 0950573ccc79f0d8dd275579e87e265a
========================================================================
Received Prepare
Caller must complete domain reload
Begin MonoManager ReloadAssembly
- Loaded All Assemblies, in  0.743 seconds
Native extension for WindowsStandalone target not found
Native extension for Android target not found
Mono: successfully reloaded assembly
- Finished resetting the current domain, in  1.373 seconds
Domain Reload Profiling: 2106ms
	BeginReloadAssembly (240ms)
		ExecutionOrderSort (0ms)
		DisableScriptedObjects (6ms)
		BackupInstance (0ms)
		ReleaseScriptingObjects (0ms)
		CreateAndSetChildDomain (48ms)
	RebuildCommonClasses (53ms)
	RebuildNativeTypeToScriptingClass (14ms)
	initialDomainReloadingComplete (55ms)
	LoadAllAssembliesAndSetupDomain (371ms)
		LoadAssemblies (479ms)
		RebuildTransferFunctionScriptingTraits (0ms)
		AnalyzeDomain (35ms)
			TypeCache.Refresh (14ms)
				TypeCache.ScanAssembly (0ms)
			ScanForSourceGeneratedMonoScriptInfo (11ms)
			ResolveRequiredComponents (7ms)
	FinalizeReload (1374ms)
		ReleaseScriptCaches (0ms)
		RebuildScriptCaches (0ms)
		SetupLoadedEditorAssemblies (597ms)
			LogAssemblyErrors (0ms)
			InitializePlatformSupportModulesInManaged (16ms)
			SetLoadedEditorAssemblies (2ms)
			RefreshPlugins (0ms)
			BeforeProcessingInitializeOnLoad (60ms)
			ProcessInitializeOnLoadAttributes (490ms)
			ProcessInitializeOnLoadMethodAttributes (21ms)
			AfterProcessingInitializeOnLoad (8ms)
			EditorAssembliesLoaded (0ms)
		ExecutionOrderSort2 (0ms)
		AwakeInstancesAfterBackupRestoration (7ms)
Refreshing native plugins compatible for Editor in 15.80 ms, found 4 plugins.
Preloading 0 native plugins for Editor in 0.00 ms.
Unloading 3151 Unused Serialized files (Serialized files now loaded: 0)
Unloading 14 unused Assets / (28.5 KB). Loaded Objects now: 3783.
Memory consumption went from 125.2 MB to 125.1 MB.
Total: 2.659600 ms (FindLiveObjects: 0.267600 ms CreateObjectMapping: 0.067000 ms MarkObjects: 2.285300 ms  DeleteObjects: 0.038500 ms)

Prepare: number of updated asset objects reloaded= 0
AssetImportParameters requested are different than current active one (requested -> active):
  custom:container-demuxer-ogg: 62fdf1f143b41e24485cea50d1cbac27 -> 
  custom:scripting/monoscript/fileName/GameManager.cs: 9933fbcc6190e2a9171c2ec8808a053e -> 
  custom:video-codec-MediaFoundation-h265: 746d11721c4dcdbdad8f713fa42b33f4 -> 
  custom:video-decoder-ogg-theora: a1e56fd34408186e4bbccfd4996cb3dc -> 
  custom:framework-win-MediaFoundation: 216162199b28c13a410421893ffa2e32 -> 
  custom:CustomObjectIndexerAttribute: 9a22284fe3817be447336de3de66b15e -> 
  custom:container-demuxer-webm: 4f35f7cbe854078d1ac9338744f61a02 -> 
  custom:container-muxer-webm: aa71ff27fc2769a1b78a27578f13a17b -> 
  custom:video-decoder-webm-vp8: 9c59270c3fd7afecdb556c50c9e8de78 -> 
  custom:SearchIndexIgnoredProperties: e643bd26f0fe6173181afceb89e7c659 -> 
  custom:AudioImporter_EditorPlatform: d09bf68614088b80899f8185d706f6e7 -> 
  custom:video-encoder-webm-vp8: eb34c28f22e8b96e1ab97ce403110664 -> 
  custom:audio-decoder-ogg-vorbis: bf7c407c2cedff20999df2af8eb42d56 -> 
  custom:audio-encoder-webm-vorbis: bf7c407c2cedff20999df2af8eb42d56 -> 
  custom:scripting/monoscript/fileName/SceneChanger.cs: 4bb94d70706032f4bd969ba3ab0024bf -> 
  custom:scripting/precompiled-assembly-types:Assembly-CSharp: 575e568831d97950d448474530d47ad8 -> 0950573ccc79f0d8dd275579e87e265a
========================================================================
Received Prepare
Caller must complete domain reload
Begin MonoManager ReloadAssembly
- Loaded All Assemblies, in  0.430 seconds
Native extension for WindowsStandalone target not found
Native extension for Android target not found
Mono: successfully reloaded assembly
- Finished resetting the current domain, in  1.570 seconds
Domain Reload Profiling: 1997ms
	BeginReloadAssembly (150ms)
		ExecutionOrderSort (0ms)
		DisableScriptedObjects (4ms)
		BackupInstance (0ms)
		ReleaseScriptingObjects (0ms)
		CreateAndSetChildDomain (29ms)
	RebuildCommonClasses (31ms)
	RebuildNativeTypeToScriptingClass (10ms)
	initialDomainReloadingComplete (29ms)
	LoadAllAssembliesAndSetupDomain (206ms)
		LoadAssemblies (280ms)
		RebuildTransferFunctionScriptingTraits (0ms)
		AnalyzeDomain (13ms)
			TypeCache.Refresh (5ms)
				TypeCache.ScanAssembly (0ms)
			ScanForSourceGeneratedMonoScriptInfo (0ms)
			ResolveRequiredComponents (6ms)
	FinalizeReload (1571ms)
		ReleaseScriptCaches (0ms)
		RebuildScriptCaches (0ms)
		SetupLoadedEditorAssemblies (900ms)
			LogAssemblyErrors (0ms)
			InitializePlatformSupportModulesInManaged (29ms)
			SetLoadedEditorAssemblies (4ms)
			RefreshPlugins (0ms)
			BeforeProcessingInitializeOnLoad (94ms)
			ProcessInitializeOnLoadAttributes (730ms)
			ProcessInitializeOnLoadMethodAttributes (29ms)
			AfterProcessingInitializeOnLoad (12ms)
			EditorAssembliesLoaded (0ms)
		ExecutionOrderSort2 (0ms)
		AwakeInstancesAfterBackupRestoration (11ms)
Refreshing native plugins compatible for Editor in 16.56 ms, found 4 plugins.
Preloading 0 native plugins for Editor in 0.00 ms.
Unloading 3151 Unused Serialized files (Serialized files now loaded: 0)
Unloading 14 unused Assets / (29.8 KB). Loaded Objects now: 3786.
Memory consumption went from 125.2 MB to 125.1 MB.
Total: 4.394700 ms (FindLiveObjects: 0.343500 ms CreateObjectMapping: 0.104700 ms MarkObjects: 3.841200 ms  DeleteObjects: 0.103300 ms)

Prepare: number of updated asset objects reloaded= 0
AssetImportParameters requested are different than current active one (requested -> active):
  custom:container-demuxer-ogg: 62fdf1f143b41e24485cea50d1cbac27 -> 
  custom:scripting/monoscript/fileName/GameManager.cs: 9933fbcc6190e2a9171c2ec8808a053e -> 
  custom:video-codec-MediaFoundation-h265: 746d11721c4dcdbdad8f713fa42b33f4 -> 
  custom:video-decoder-ogg-theora: a1e56fd34408186e4bbccfd4996cb3dc -> 
  custom:framework-win-MediaFoundation: 216162199b28c13a410421893ffa2e32 -> 
  custom:CustomObjectIndexerAttribute: 9a22284fe3817be447336de3de66b15e -> 
  custom:container-demuxer-webm: 4f35f7cbe854078d1ac9338744f61a02 -> 
  custom:container-muxer-webm: aa71ff27fc2769a1b78a27578f13a17b -> 
  custom:video-decoder-webm-vp8: 9c59270c3fd7afecdb556c50c9e8de78 -> 
  custom:SearchIndexIgnoredProperties: e643bd26f0fe6173181afceb89e7c659 -> 
  custom:AudioImporter_EditorPlatform: d09bf68614088b80899f8185d706f6e7 -> 
  custom:video-encoder-webm-vp8: eb34c28f22e8b96e1ab97ce403110664 -> 
  custom:audio-decoder-ogg-vorbis: bf7c407c2cedff20999df2af8eb42d56 -> 
  custom:audio-encoder-webm-vorbis: bf7c407c2cedff20999df2af8eb42d56 -> 
  custom:scripting/monoscript/fileName/SceneChanger.cs: 4bb94d70706032f4bd969ba3ab0024bf -> 
  custom:scripting/precompiled-assembly-types:Assembly-CSharp: 575e568831d97950d448474530d47ad8 -> 0950573ccc79f0d8dd275579e87e265a
========================================================================
Received Prepare
Caller must complete domain reload
Begin MonoManager ReloadAssembly
- Loaded All Assemblies, in  0.858 seconds
Native extension for WindowsStandalone target not found
Native extension for Android target not found
Mono: successfully reloaded assembly
- Finished resetting the current domain, in  1.480 seconds
Domain Reload Profiling: 2327ms
	BeginReloadAssembly (247ms)
		ExecutionOrderSort (0ms)
		DisableScriptedObjects (5ms)
		BackupInstance (0ms)
		ReleaseScriptingObjects (0ms)
		CreateAndSetChildDomain (51ms)
	RebuildCommonClasses (68ms)
	RebuildNativeTypeToScriptingClass (30ms)
	initialDomainReloadingComplete (72ms)
	LoadAllAssembliesAndSetupDomain (430ms)
		LoadAssemblies (534ms)
		RebuildTransferFunctionScriptingTraits (0ms)
		AnalyzeDomain (38ms)
			TypeCache.Refresh (13ms)
				TypeCache.ScanAssembly (0ms)
			ScanForSourceGeneratedMonoScriptInfo (12ms)
			ResolveRequiredComponents (9ms)
	FinalizeReload (1480ms)
		ReleaseScriptCaches (0ms)
		RebuildScriptCaches (0ms)
		SetupLoadedEditorAssemblies (588ms)
			LogAssemblyErrors (0ms)
			InitializePlatformSupportModulesInManaged (16ms)
			SetLoadedEditorAssemblies (2ms)
			RefreshPlugins (0ms)
			BeforeProcessingInitializeOnLoad (58ms)
			ProcessInitializeOnLoadAttributes (488ms)
			ProcessInitializeOnLoadMethodAttributes (15ms)
			AfterProcessingInitializeOnLoad (8ms)
			EditorAssembliesLoaded (0ms)
		ExecutionOrderSort2 (0ms)
		AwakeInstancesAfterBackupRestoration (6ms)
Refreshing native plugins compatible for Editor in 8.23 ms, found 4 plugins.
Preloading 0 native plugins for Editor in 0.00 ms.
Unloading 3151 Unused Serialized files (Serialized files now loaded: 0)
Unloading 14 unused Assets / (28.5 KB). Loaded Objects now: 3789.
Memory consumption went from 125.2 MB to 125.1 MB.
Total: 3.715500 ms (FindLiveObjects: 0.189800 ms CreateObjectMapping: 0.049200 ms MarkObjects: 3.428100 ms  DeleteObjects: 0.047600 ms)

Prepare: number of updated asset objects reloaded= 0
AssetImportParameters requested are different than current active one (requested -> active):
  custom:container-demuxer-ogg: 62fdf1f143b41e24485cea50d1cbac27 -> 
  custom:scripting/monoscript/fileName/GameManager.cs: 9933fbcc6190e2a9171c2ec8808a053e -> 
  custom:video-codec-MediaFoundation-h265: 746d11721c4dcdbdad8f713fa42b33f4 -> 
  custom:video-decoder-ogg-theora: a1e56fd34408186e4bbccfd4996cb3dc -> 
  custom:framework-win-MediaFoundation: 216162199b28c13a410421893ffa2e32 -> 
  custom:CustomObjectIndexerAttribute: 9a22284fe3817be447336de3de66b15e -> 
  custom:container-demuxer-webm: 4f35f7cbe854078d1ac9338744f61a02 -> 
  custom:container-muxer-webm: aa71ff27fc2769a1b78a27578f13a17b -> 
  custom:video-decoder-webm-vp8: 9c59270c3fd7afecdb556c50c9e8de78 -> 
  custom:SearchIndexIgnoredProperties: e643bd26f0fe6173181afceb89e7c659 -> 
  custom:AudioImporter_EditorPlatform: d09bf68614088b80899f8185d706f6e7 -> 
  custom:video-encoder-webm-vp8: eb34c28f22e8b96e1ab97ce403110664 -> 
  custom:audio-decoder-ogg-vorbis: bf7c407c2cedff20999df2af8eb42d56 -> 
  custom:audio-encoder-webm-vorbis: bf7c407c2cedff20999df2af8eb42d56 -> 
  custom:scripting/monoscript/fileName/SceneChanger.cs: 4bb94d70706032f4bd969ba3ab0024bf -> 
  custom:scripting/precompiled-assembly-types:Assembly-CSharp: 575e568831d97950d448474530d47ad8 -> 0950573ccc79f0d8dd275579e87e265a
========================================================================
Received Prepare
Caller must complete domain reload
Begin MonoManager ReloadAssembly
- Loaded All Assemblies, in  0.448 seconds
Native extension for WindowsStandalone target not found
Native extension for Android target not found
Mono: successfully reloaded assembly
- Finished resetting the current domain, in  1.640 seconds
Domain Reload Profiling: 2085ms
	BeginReloadAssembly (138ms)
		ExecutionOrderSort (0ms)
		DisableScriptedObjects (3ms)
		BackupInstance (0ms)
		ReleaseScriptingObjects (0ms)
		CreateAndSetChildDomain (24ms)
	RebuildCommonClasses (31ms)
	RebuildNativeTypeToScriptingClass (10ms)
	initialDomainReloadingComplete (38ms)
	LoadAllAssembliesAndSetupDomain (228ms)
		LoadAssemblies (295ms)
		RebuildTransferFunctionScriptingTraits (0ms)
		AnalyzeDomain (12ms)
			TypeCache.Refresh (6ms)
				TypeCache.ScanAssembly (0ms)
			ScanForSourceGeneratedMonoScriptInfo (0ms)
			ResolveRequiredComponents (4ms)
	FinalizeReload (1641ms)
		ReleaseScriptCaches (0ms)
		RebuildScriptCaches (0ms)
		SetupLoadedEditorAssemblies (948ms)
			LogAssemblyErrors (0ms)
			InitializePlatformSupportModulesInManaged (33ms)
			SetLoadedEditorAssemblies (4ms)
			RefreshPlugins (0ms)
			BeforeProcessingInitializeOnLoad (100ms)
			ProcessInitializeOnLoadAttributes (755ms)
			ProcessInitializeOnLoadMethodAttributes (40ms)
			AfterProcessingInitializeOnLoad (16ms)
			EditorAssembliesLoaded (0ms)
		ExecutionOrderSort2 (0ms)
		AwakeInstancesAfterBackupRestoration (12ms)
Refreshing native plugins compatible for Editor in 19.27 ms, found 4 plugins.
Preloading 0 native plugins for Editor in 0.00 ms.
Unloading 3151 Unused Serialized files (Serialized files now loaded: 0)
Unloading 14 unused Assets / (28.5 KB). Loaded Objects now: 3792.
Memory consumption went from 125.2 MB to 125.1 MB.
Total: 5.697000 ms (FindLiveObjects: 0.236300 ms CreateObjectMapping: 0.053600 ms MarkObjects: 5.317700 ms  DeleteObjects: 0.087300 ms)

Prepare: number of updated asset objects reloaded= 0
AssetImportParameters requested are different than current active one (requested -> active):
  custom:container-demuxer-ogg: 62fdf1f143b41e24485cea50d1cbac27 -> 
  custom:scripting/monoscript/fileName/GameManager.cs: 9933fbcc6190e2a9171c2ec8808a053e -> 
  custom:video-codec-MediaFoundation-h265: 746d11721c4dcdbdad8f713fa42b33f4 -> 
  custom:video-decoder-ogg-theora: a1e56fd34408186e4bbccfd4996cb3dc -> 
  custom:framework-win-MediaFoundation: 216162199b28c13a410421893ffa2e32 -> 
  custom:CustomObjectIndexerAttribute: 9a22284fe3817be447336de3de66b15e -> 
  custom:container-demuxer-webm: 4f35f7cbe854078d1ac9338744f61a02 -> 
  custom:container-muxer-webm: aa71ff27fc2769a1b78a27578f13a17b -> 
  custom:video-decoder-webm-vp8: 9c59270c3fd7afecdb556c50c9e8de78 -> 
  custom:SearchIndexIgnoredProperties: e643bd26f0fe6173181afceb89e7c659 -> 
  custom:AudioImporter_EditorPlatform: d09bf68614088b80899f8185d706f6e7 -> 
  custom:video-encoder-webm-vp8: eb34c28f22e8b96e1ab97ce403110664 -> 
  custom:audio-decoder-ogg-vorbis: bf7c407c2cedff20999df2af8eb42d56 -> 
  custom:audio-encoder-webm-vorbis: bf7c407c2cedff20999df2af8eb42d56 -> 
  custom:scripting/monoscript/fileName/SceneChanger.cs: 4bb94d70706032f4bd969ba3ab0024bf -> 
  custom:scripting/precompiled-assembly-types:Assembly-CSharp: 575e568831d97950d448474530d47ad8 -> 0950573ccc79f0d8dd275579e87e265a
========================================================================
Received Prepare
Caller must complete domain reload
Begin MonoManager ReloadAssembly
- Loaded All Assemblies, in  0.902 seconds
Native extension for WindowsStandalone target not found
Native extension for Android target not found
Mono: successfully reloaded assembly
- Finished resetting the current domain, in  1.657 seconds
Domain Reload Profiling: 2554ms
	BeginReloadAssembly (237ms)
		ExecutionOrderSort (0ms)
		DisableScriptedObjects (5ms)
		BackupInstance (0ms)
		ReleaseScriptingObjects (14ms)
		CreateAndSetChildDomain (42ms)
	RebuildCommonClasses (243ms)
	RebuildNativeTypeToScriptingClass (16ms)
	initialDomainReloadingComplete (46ms)
	LoadAllAssembliesAndSetupDomain (356ms)
		LoadAssemblies (460ms)
		RebuildTransferFunctionScriptingTraits (0ms)
		AnalyzeDomain (32ms)
			TypeCache.Refresh (11ms)
				TypeCache.ScanAssembly (0ms)
			ScanForSourceGeneratedMonoScriptInfo (8ms)
			ResolveRequiredComponents (9ms)
	FinalizeReload (1658ms)
		ReleaseScriptCaches (0ms)
		RebuildScriptCaches (0ms)
		SetupLoadedEditorAssemblies (713ms)
			LogAssemblyErrors (0ms)
			InitializePlatformSupportModulesInManaged (26ms)
			SetLoadedEditorAssemblies (4ms)
			RefreshPlugins (0ms)
			BeforeProcessingInitializeOnLoad (94ms)
			ProcessInitializeOnLoadAttributes (564ms)
			ProcessInitializeOnLoadMethodAttributes (18ms)
			AfterProcessingInitializeOnLoad (8ms)
			EditorAssembliesLoaded (0ms)
		ExecutionOrderSort2 (0ms)
		AwakeInstancesAfterBackupRestoration (6ms)
Refreshing native plugins compatible for Editor in 9.19 ms, found 4 plugins.
Preloading 0 native plugins for Editor in 0.00 ms.
Unloading 3151 Unused Serialized files (Serialized files now loaded: 0)
Unloading 14 unused Assets / (28.5 KB). Loaded Objects now: 3795.
Memory consumption went from 125.2 MB to 125.1 MB.
Total: 3.171000 ms (FindLiveObjects: 0.202300 ms CreateObjectMapping: 0.059900 ms MarkObjects: 2.869300 ms  DeleteObjects: 0.038500 ms)

Prepare: number of updated asset objects reloaded= 0
AssetImportParameters requested are different than current active one (requested -> active):
  custom:container-demuxer-ogg: 62fdf1f143b41e24485cea50d1cbac27 -> 
  custom:scripting/monoscript/fileName/GameManager.cs: 9933fbcc6190e2a9171c2ec8808a053e -> 
  custom:video-codec-MediaFoundation-h265: 746d11721c4dcdbdad8f713fa42b33f4 -> 
  custom:video-decoder-ogg-theora: a1e56fd34408186e4bbccfd4996cb3dc -> 
  custom:framework-win-MediaFoundation: 216162199b28c13a410421893ffa2e32 -> 
  custom:CustomObjectIndexerAttribute: 9a22284fe3817be447336de3de66b15e -> 
  custom:container-demuxer-webm: 4f35f7cbe854078d1ac9338744f61a02 -> 
  custom:container-muxer-webm: aa71ff27fc2769a1b78a27578f13a17b -> 
  custom:video-decoder-webm-vp8: 9c59270c3fd7afecdb556c50c9e8de78 -> 
  custom:SearchIndexIgnoredProperties: e643bd26f0fe6173181afceb89e7c659 -> 
  custom:AudioImporter_EditorPlatform: d09bf68614088b80899f8185d706f6e7 -> 
  custom:video-encoder-webm-vp8: eb34c28f22e8b96e1ab97ce403110664 -> 
  custom:audio-decoder-ogg-vorbis: bf7c407c2cedff20999df2af8eb42d56 -> 
  custom:audio-encoder-webm-vorbis: bf7c407c2cedff20999df2af8eb42d56 -> 
  custom:scripting/monoscript/fileName/SceneChanger.cs: 4bb94d70706032f4bd969ba3ab0024bf -> 
  custom:scripting/precompiled-assembly-types:Assembly-CSharp: 575e568831d97950d448474530d47ad8 -> 0950573ccc79f0d8dd275579e87e265a
========================================================================
Received Prepare
Caller must complete domain reload
Begin MonoManager ReloadAssembly
- Loaded All Assemblies, in  0.532 seconds
Native extension for WindowsStandalone target not found
Native extension for Android target not found
Mono: successfully reloaded assembly
- Finished resetting the current domain, in  1.686 seconds
Domain Reload Profiling: 2215ms
	BeginReloadAssembly (162ms)
		ExecutionOrderSort (0ms)
		DisableScriptedObjects (4ms)
		BackupInstance (0ms)
		ReleaseScriptingObjects (0ms)
		CreateAndSetChildDomain (27ms)
	RebuildCommonClasses (38ms)
	RebuildNativeTypeToScriptingClass (14ms)
	initialDomainReloadingComplete (41ms)
	LoadAllAssembliesAndSetupDomain (274ms)
		LoadAssemblies (356ms)
		RebuildTransferFunctionScriptingTraits (0ms)
		AnalyzeDomain (15ms)
			TypeCache.Refresh (4ms)
				TypeCache.ScanAssembly (0ms)
			ScanForSourceGeneratedMonoScriptInfo (0ms)
			ResolveRequiredComponents (5ms)
	FinalizeReload (1687ms)
		ReleaseScriptCaches (0ms)
		RebuildScriptCaches (0ms)
		SetupLoadedEditorAssemblies (951ms)
			LogAssemblyErrors (0ms)
			InitializePlatformSupportModulesInManaged (34ms)
			SetLoadedEditorAssemblies (5ms)
			RefreshPlugins (0ms)
			BeforeProcessingInitializeOnLoad (97ms)
			ProcessInitializeOnLoadAttributes (770ms)
			ProcessInitializeOnLoadMethodAttributes (32ms)
			AfterProcessingInitializeOnLoad (13ms)
			EditorAssembliesLoaded (1ms)
		ExecutionOrderSort2 (0ms)
		AwakeInstancesAfterBackupRestoration (11ms)
Refreshing native plugins compatible for Editor in 17.63 ms, found 4 plugins.
Preloading 0 native plugins for Editor in 0.00 ms.
Unloading 3151 Unused Serialized files (Serialized files now loaded: 0)
Unloading 14 unused Assets / (28.5 KB). Loaded Objects now: 3798.
Memory consumption went from 125.2 MB to 125.1 MB.
Total: 4.282100 ms (FindLiveObjects: 0.310100 ms CreateObjectMapping: 0.104000 ms MarkObjects: 3.739500 ms  DeleteObjects: 0.117800 ms)

Prepare: number of updated asset objects reloaded= 0
AssetImportParameters requested are different than current active one (requested -> active):
  custom:container-demuxer-ogg: 62fdf1f143b41e24485cea50d1cbac27 -> 
  custom:scripting/monoscript/fileName/GameManager.cs: 9933fbcc6190e2a9171c2ec8808a053e -> 
  custom:video-codec-MediaFoundation-h265: 746d11721c4dcdbdad8f713fa42b33f4 -> 
  custom:video-decoder-ogg-theora: a1e56fd34408186e4bbccfd4996cb3dc -> 
  custom:framework-win-MediaFoundation: 216162199b28c13a410421893ffa2e32 -> 
  custom:CustomObjectIndexerAttribute: 9a22284fe3817be447336de3de66b15e -> 
  custom:container-demuxer-webm: 4f35f7cbe854078d1ac9338744f61a02 -> 
  custom:container-muxer-webm: aa71ff27fc2769a1b78a27578f13a17b -> 
  custom:video-decoder-webm-vp8: 9c59270c3fd7afecdb556c50c9e8de78 -> 
  custom:SearchIndexIgnoredProperties: e643bd26f0fe6173181afceb89e7c659 -> 
  custom:AudioImporter_EditorPlatform: d09bf68614088b80899f8185d706f6e7 -> 
  custom:video-encoder-webm-vp8: eb34c28f22e8b96e1ab97ce403110664 -> 
  custom:audio-decoder-ogg-vorbis: bf7c407c2cedff20999df2af8eb42d56 -> 
  custom:audio-encoder-webm-vorbis: bf7c407c2cedff20999df2af8eb42d56 -> 
  custom:scripting/monoscript/fileName/SceneChanger.cs: 4bb94d70706032f4bd969ba3ab0024bf -> 
  custom:scripting/precompiled-assembly-types:Assembly-CSharp: 575e568831d97950d448474530d47ad8 -> 0950573ccc79f0d8dd275579e87e265a
========================================================================
Received Prepare
Caller must complete domain reload
Begin MonoManager ReloadAssembly
- Loaded All Assemblies, in  0.449 seconds
Native extension for WindowsStandalone target not found
Native extension for Android target not found
Mono: successfully reloaded assembly
- Finished resetting the current domain, in  1.260 seconds
Domain Reload Profiling: 1704ms
	BeginReloadAssembly (157ms)
		ExecutionOrderSort (0ms)
		DisableScriptedObjects (5ms)
		BackupInstance (0ms)
		ReleaseScriptingObjects (0ms)
		CreateAndSetChildDomain (25ms)
	RebuildCommonClasses (30ms)
	RebuildNativeTypeToScriptingClass (10ms)
	initialDomainReloadingComplete (34ms)
	LoadAllAssembliesAndSetupDomain (214ms)
		LoadAssemblies (295ms)
		RebuildTransferFunctionScriptingTraits (0ms)
		AnalyzeDomain (10ms)
			TypeCache.Refresh (4ms)
				TypeCache.ScanAssembly (0ms)
			ScanForSourceGeneratedMonoScriptInfo (0ms)
			ResolveRequiredComponents (4ms)
	FinalizeReload (1260ms)
		ReleaseScriptCaches (0ms)
		RebuildScriptCaches (0ms)
		SetupLoadedEditorAssemblies (619ms)
			LogAssemblyErrors (0ms)
			InitializePlatformSupportModulesInManaged (22ms)
			SetLoadedEditorAssemblies (4ms)
			RefreshPlugins (0ms)
			BeforeProcessingInitializeOnLoad (66ms)
			ProcessInitializeOnLoadAttributes (502ms)
			ProcessInitializeOnLoadMethodAttributes (19ms)
			AfterProcessingInitializeOnLoad (7ms)
			EditorAssembliesLoaded (0ms)
		ExecutionOrderSort2 (0ms)
		AwakeInstancesAfterBackupRestoration (5ms)
Refreshing native plugins compatible for Editor in 10.04 ms, found 4 plugins.
Preloading 0 native plugins for Editor in 0.00 ms.
Unloading 3151 Unused Serialized files (Serialized files now loaded: 0)
Unloading 14 unused Assets / (28.5 KB). Loaded Objects now: 3801.
Memory consumption went from 125.2 MB to 125.1 MB.
Total: 2.864500 ms (FindLiveObjects: 0.187300 ms CreateObjectMapping: 0.048200 ms MarkObjects: 2.591500 ms  DeleteObjects: 0.036400 ms)

Prepare: number of updated asset objects reloaded= 0
AssetImportParameters requested are different than current active one (requested -> active):
  custom:container-demuxer-ogg: 62fdf1f143b41e24485cea50d1cbac27 -> 
  custom:scripting/monoscript/fileName/GameManager.cs: 9933fbcc6190e2a9171c2ec8808a053e -> 
  custom:video-codec-MediaFoundation-h265: 746d11721c4dcdbdad8f713fa42b33f4 -> 
  custom:video-decoder-ogg-theora: a1e56fd34408186e4bbccfd4996cb3dc -> 
  custom:framework-win-MediaFoundation: 216162199b28c13a410421893ffa2e32 -> 
  custom:CustomObjectIndexerAttribute: 9a22284fe3817be447336de3de66b15e -> 
  custom:container-demuxer-webm: 4f35f7cbe854078d1ac9338744f61a02 -> 
  custom:container-muxer-webm: aa71ff27fc2769a1b78a27578f13a17b -> 
  custom:video-decoder-webm-vp8: 9c59270c3fd7afecdb556c50c9e8de78 -> 
  custom:SearchIndexIgnoredProperties: e643bd26f0fe6173181afceb89e7c659 -> 
  custom:AudioImporter_EditorPlatform: d09bf68614088b80899f8185d706f6e7 -> 
  custom:video-encoder-webm-vp8: eb34c28f22e8b96e1ab97ce403110664 -> 
  custom:audio-decoder-ogg-vorbis: bf7c407c2cedff20999df2af8eb42d56 -> 
  custom:audio-encoder-webm-vorbis: bf7c407c2cedff20999df2af8eb42d56 -> 
  custom:scripting/monoscript/fileName/SceneChanger.cs: 4bb94d70706032f4bd969ba3ab0024bf -> 
  custom:scripting/precompiled-assembly-types:Assembly-CSharp: 575e568831d97950d448474530d47ad8 -> 0950573ccc79f0d8dd275579e87e265a
========================================================================
Received Prepare
Caller must complete domain reload
Begin MonoManager ReloadAssembly
- Loaded All Assemblies, in  0.463 seconds
Native extension for WindowsStandalone target not found
Native extension for Android target not found
Mono: successfully reloaded assembly
- Finished resetting the current domain, in  1.508 seconds
Domain Reload Profiling: 1967ms
	BeginReloadAssembly (147ms)
		ExecutionOrderSort (0ms)
		DisableScriptedObjects (3ms)
		BackupInstance (0ms)
		ReleaseScriptingObjects (0ms)
		CreateAndSetChildDomain (28ms)
	RebuildCommonClasses (37ms)
	RebuildNativeTypeToScriptingClass (13ms)
	initialDomainReloadingComplete (37ms)
	LoadAllAssembliesAndSetupDomain (224ms)
		LoadAssemblies (297ms)
		RebuildTransferFunctionScriptingTraits (0ms)
		AnalyzeDomain (13ms)
			TypeCache.Refresh (5ms)
				TypeCache.ScanAssembly (0ms)
			ScanForSourceGeneratedMonoScriptInfo (0ms)
			ResolveRequiredComponents (6ms)
	FinalizeReload (1508ms)
		ReleaseScriptCaches (0ms)
		RebuildScriptCaches (0ms)
		SetupLoadedEditorAssemblies (798ms)
			LogAssemblyErrors (0ms)
			InitializePlatformSupportModulesInManaged (28ms)
			SetLoadedEditorAssemblies (4ms)
			RefreshPlugins (0ms)
			BeforeProcessingInitializeOnLoad (95ms)
			ProcessInitializeOnLoadAttributes (634ms)
			ProcessInitializeOnLoadMethodAttributes (26ms)
			AfterProcessingInitializeOnLoad (11ms)
			EditorAssembliesLoaded (0ms)
		ExecutionOrderSort2 (0ms)
		AwakeInstancesAfterBackupRestoration (10ms)
Refreshing native plugins compatible for Editor in 15.28 ms, found 4 plugins.
Preloading 0 native plugins for Editor in 0.00 ms.
Unloading 3151 Unused Serialized files (Serialized files now loaded: 0)
Unloading 14 unused Assets / (28.5 KB). Loaded Objects now: 3804.
Memory consumption went from 125.2 MB to 125.1 MB.
Total: 4.339500 ms (FindLiveObjects: 0.348800 ms CreateObjectMapping: 0.161600 ms MarkObjects: 3.681500 ms  DeleteObjects: 0.145700 ms)

Prepare: number of updated asset objects reloaded= 0
AssetImportParameters requested are different than current active one (requested -> active):
  custom:container-demuxer-ogg: 62fdf1f143b41e24485cea50d1cbac27 -> 
  custom:scripting/monoscript/fileName/GameManager.cs: 9933fbcc6190e2a9171c2ec8808a053e -> 
  custom:video-codec-MediaFoundation-h265: 746d11721c4dcdbdad8f713fa42b33f4 -> 
  custom:video-decoder-ogg-theora: a1e56fd34408186e4bbccfd4996cb3dc -> 
  custom:framework-win-MediaFoundation: 216162199b28c13a410421893ffa2e32 -> 
  custom:CustomObjectIndexerAttribute: 9a22284fe3817be447336de3de66b15e -> 
  custom:container-demuxer-webm: 4f35f7cbe854078d1ac9338744f61a02 -> 
  custom:container-muxer-webm: aa71ff27fc2769a1b78a27578f13a17b -> 
  custom:video-decoder-webm-vp8: 9c59270c3fd7afecdb556c50c9e8de78 -> 
  custom:SearchIndexIgnoredProperties: e643bd26f0fe6173181afceb89e7c659 -> 
  custom:AudioImporter_EditorPlatform: d09bf68614088b80899f8185d706f6e7 -> 
  custom:video-encoder-webm-vp8: eb34c28f22e8b96e1ab97ce403110664 -> 
  custom:audio-decoder-ogg-vorbis: bf7c407c2cedff20999df2af8eb42d56 -> 
  custom:audio-encoder-webm-vorbis: bf7c407c2cedff20999df2af8eb42d56 -> 
  custom:scripting/monoscript/fileName/SceneChanger.cs: 4bb94d70706032f4bd969ba3ab0024bf -> 
  custom:scripting/precompiled-assembly-types:Assembly-CSharp: 575e568831d97950d448474530d47ad8 -> 0950573ccc79f0d8dd275579e87e265a
========================================================================
Received Prepare
Caller must complete domain reload
Begin MonoManager ReloadAssembly
- Loaded All Assemblies, in  0.731 seconds
Native extension for WindowsStandalone target not found
Native extension for Android target not found
Mono: successfully reloaded assembly
- Finished resetting the current domain, in  1.519 seconds
Domain Reload Profiling: 2243ms
	BeginReloadAssembly (243ms)
		ExecutionOrderSort (0ms)
		DisableScriptedObjects (7ms)
		BackupInstance (0ms)
		ReleaseScriptingObjects (0ms)
		CreateAndSetChildDomain (50ms)
	RebuildCommonClasses (39ms)
	RebuildNativeTypeToScriptingClass (12ms)
	initialDomainReloadingComplete (53ms)
	LoadAllAssembliesAndSetupDomain (375ms)
		LoadAssemblies (493ms)
		RebuildTransferFunctionScriptingTraits (0ms)
		AnalyzeDomain (32ms)
			TypeCache.Refresh (12ms)
				TypeCache.ScanAssembly (0ms)
			ScanForSourceGeneratedMonoScriptInfo (9ms)
			ResolveRequiredComponents (7ms)
	FinalizeReload (1520ms)
		ReleaseScriptCaches (0ms)
		RebuildScriptCaches (0ms)
		SetupLoadedEditorAssemblies (611ms)
			LogAssemblyErrors (0ms)
			InitializePlatformSupportModulesInManaged (39ms)
			SetLoadedEditorAssemblies (4ms)
			RefreshPlugins (0ms)
			BeforeProcessingInitializeOnLoad (107ms)
			ProcessInitializeOnLoadAttributes (438ms)
			ProcessInitializeOnLoadMethodAttributes (16ms)
			AfterProcessingInitializeOnLoad (6ms)
			EditorAssembliesLoaded (0ms)
		ExecutionOrderSort2 (0ms)
		AwakeInstancesAfterBackupRestoration (6ms)
Refreshing native plugins compatible for Editor in 9.00 ms, found 4 plugins.
Preloading 0 native plugins for Editor in 0.00 ms.
Unloading 3151 Unused Serialized files (Serialized files now loaded: 0)
Unloading 14 unused Assets / (28.5 KB). Loaded Objects now: 3807.
Memory consumption went from 125.2 MB to 125.1 MB.
Total: 3.570900 ms (FindLiveObjects: 0.200400 ms CreateObjectMapping: 0.047300 ms MarkObjects: 3.280100 ms  DeleteObjects: 0.041900 ms)

Prepare: number of updated asset objects reloaded= 0
AssetImportParameters requested are different than current active one (requested -> active):
  custom:container-demuxer-ogg: 62fdf1f143b41e24485cea50d1cbac27 -> 
  custom:scripting/monoscript/fileName/GameManager.cs: 9933fbcc6190e2a9171c2ec8808a053e -> 
  custom:video-codec-MediaFoundation-h265: 746d11721c4dcdbdad8f713fa42b33f4 -> 
  custom:video-decoder-ogg-theora: a1e56fd34408186e4bbccfd4996cb3dc -> 
  custom:framework-win-MediaFoundation: 216162199b28c13a410421893ffa2e32 -> 
  custom:CustomObjectIndexerAttribute: 9a22284fe3817be447336de3de66b15e -> 
  custom:container-demuxer-webm: 4f35f7cbe854078d1ac9338744f61a02 -> 
  custom:container-muxer-webm: aa71ff27fc2769a1b78a27578f13a17b -> 
  custom:video-decoder-webm-vp8: 9c59270c3fd7afecdb556c50c9e8de78 -> 
  custom:SearchIndexIgnoredProperties: e643bd26f0fe6173181afceb89e7c659 -> 
  custom:AudioImporter_EditorPlatform: d09bf68614088b80899f8185d706f6e7 -> 
  custom:video-encoder-webm-vp8: eb34c28f22e8b96e1ab97ce403110664 -> 
  custom:audio-decoder-ogg-vorbis: bf7c407c2cedff20999df2af8eb42d56 -> 
  custom:audio-encoder-webm-vorbis: bf7c407c2cedff20999df2af8eb42d56 -> 
  custom:scripting/monoscript/fileName/SceneChanger.cs: 4bb94d70706032f4bd969ba3ab0024bf -> 
  custom:scripting/precompiled-assembly-types:Assembly-CSharp: 656800a52afbda3433a56b1a635e9eeb -> 0950573ccc79f0d8dd275579e87e265a
========================================================================
Received Prepare
Caller must complete domain reload
Begin MonoManager ReloadAssembly
- Loaded All Assemblies, in  0.460 seconds
Native extension for WindowsStandalone target not found
Native extension for Android target not found
Mono: successfully reloaded assembly
- Finished resetting the current domain, in  1.623 seconds
Domain Reload Profiling: 2081ms
	BeginReloadAssembly (144ms)
		ExecutionOrderSort (0ms)
		DisableScriptedObjects (4ms)
		BackupInstance (0ms)
		ReleaseScriptingObjects (0ms)
		CreateAndSetChildDomain (27ms)
	RebuildCommonClasses (36ms)
	RebuildNativeTypeToScriptingClass (12ms)
	initialDomainReloadingComplete (56ms)
	LoadAllAssembliesAndSetupDomain (209ms)
		LoadAssemblies (281ms)
		RebuildTransferFunctionScriptingTraits (0ms)
		AnalyzeDomain (11ms)
			TypeCache.Refresh (5ms)
				TypeCache.ScanAssembly (0ms)
			ScanForSourceGeneratedMonoScriptInfo (0ms)
			ResolveRequiredComponents (5ms)
	FinalizeReload (1624ms)
		ReleaseScriptCaches (0ms)
		RebuildScriptCaches (0ms)
		SetupLoadedEditorAssemblies (902ms)
			LogAssemblyErrors (0ms)
			InitializePlatformSupportModulesInManaged (35ms)
			SetLoadedEditorAssemblies (4ms)
			RefreshPlugins (0ms)
			BeforeProcessingInitializeOnLoad (101ms)
			ProcessInitializeOnLoadAttributes (721ms)
			ProcessInitializeOnLoadMethodAttributes (28ms)
			AfterProcessingInitializeOnLoad (13ms)
			EditorAssembliesLoaded (0ms)
		ExecutionOrderSort2 (0ms)
		AwakeInstancesAfterBackupRestoration (12ms)
Refreshing native plugins compatible for Editor in 15.22 ms, found 4 plugins.
Preloading 0 native plugins for Editor in 0.00 ms.
Unloading 3151 Unused Serialized files (Serialized files now loaded: 0)
Unloading 14 unused Assets / (28.5 KB). Loaded Objects now: 3810.
Memory consumption went from 125.2 MB to 125.1 MB.
Total: 4.372600 ms (FindLiveObjects: 0.333200 ms CreateObjectMapping: 0.068800 ms MarkObjects: 3.909300 ms  DeleteObjects: 0.059400 ms)

Prepare: number of updated asset objects reloaded= 0
AssetImportParameters requested are different than current active one (requested -> active):
  custom:container-demuxer-ogg: 62fdf1f143b41e24485cea50d1cbac27 -> 
  custom:scripting/monoscript/fileName/GameManager.cs: 9933fbcc6190e2a9171c2ec8808a053e -> 
  custom:video-codec-MediaFoundation-h265: 746d11721c4dcdbdad8f713fa42b33f4 -> 
  custom:video-decoder-ogg-theora: a1e56fd34408186e4bbccfd4996cb3dc -> 
  custom:framework-win-MediaFoundation: 216162199b28c13a410421893ffa2e32 -> 
  custom:CustomObjectIndexerAttribute: 9a22284fe3817be447336de3de66b15e -> 
  custom:container-demuxer-webm: 4f35f7cbe854078d1ac9338744f61a02 -> 
  custom:container-muxer-webm: aa71ff27fc2769a1b78a27578f13a17b -> 
  custom:video-decoder-webm-vp8: 9c59270c3fd7afecdb556c50c9e8de78 -> 
  custom:SearchIndexIgnoredProperties: e643bd26f0fe6173181afceb89e7c659 -> 
  custom:AudioImporter_EditorPlatform: d09bf68614088b80899f8185d706f6e7 -> 
  custom:video-encoder-webm-vp8: eb34c28f22e8b96e1ab97ce403110664 -> 
  custom:audio-decoder-ogg-vorbis: bf7c407c2cedff20999df2af8eb42d56 -> 
  custom:audio-encoder-webm-vorbis: bf7c407c2cedff20999df2af8eb42d56 -> 
  custom:scripting/monoscript/fileName/SceneChanger.cs: 4bb94d70706032f4bd969ba3ab0024bf -> 
  custom:scripting/precompiled-assembly-types:Assembly-CSharp: 656800a52afbda3433a56b1a635e9eeb -> 0950573ccc79f0d8dd275579e87e265a
========================================================================
Received Prepare
Caller must complete domain reload
Begin MonoManager ReloadAssembly
- Loaded All Assemblies, in  0.461 seconds
Native extension for WindowsStandalone target not found
Native extension for Android target not found
Mono: successfully reloaded assembly
- Finished resetting the current domain, in  1.478 seconds
Domain Reload Profiling: 1932ms
	BeginReloadAssembly (145ms)
		ExecutionOrderSort (0ms)
		DisableScriptedObjects (3ms)
		BackupInstance (0ms)
		ReleaseScriptingObjects (0ms)
		CreateAndSetChildDomain (29ms)
	RebuildCommonClasses (30ms)
	RebuildNativeTypeToScriptingClass (10ms)
	initialDomainReloadingComplete (33ms)
	LoadAllAssembliesAndSetupDomain (236ms)
		LoadAssemblies (305ms)
		RebuildTransferFunctionScriptingTraits (0ms)
		AnalyzeDomain (14ms)
			TypeCache.Refresh (4ms)
				TypeCache.ScanAssembly (0ms)
			ScanForSourceGeneratedMonoScriptInfo (0ms)
			ResolveRequiredComponents (7ms)
	FinalizeReload (1478ms)
		ReleaseScriptCaches (0ms)
		RebuildScriptCaches (0ms)
		SetupLoadedEditorAssemblies (559ms)
			LogAssemblyErrors (0ms)
			InitializePlatformSupportModulesInManaged (18ms)
			SetLoadedEditorAssemblies (3ms)
			RefreshPlugins (0ms)
			BeforeProcessingInitializeOnLoad (83ms)
			ProcessInitializeOnLoadAttributes (432ms)
			ProcessInitializeOnLoadMethodAttributes (15ms)
			AfterProcessingInitializeOnLoad (8ms)
			EditorAssembliesLoaded (0ms)
		ExecutionOrderSort2 (0ms)
		AwakeInstancesAfterBackupRestoration (7ms)
Refreshing native plugins compatible for Editor in 8.63 ms, found 4 plugins.
Preloading 0 native plugins for Editor in 0.00 ms.
Unloading 3151 Unused Serialized files (Serialized files now loaded: 0)
Unloading 14 unused Assets / (28.5 KB). Loaded Objects now: 3813.
Memory consumption went from 125.2 MB to 125.2 MB.
Total: 2.633300 ms (FindLiveObjects: 0.201100 ms CreateObjectMapping: 0.046800 ms MarkObjects: 2.347600 ms  DeleteObjects: 0.036600 ms)

Prepare: number of updated asset objects reloaded= 0
AssetImportParameters requested are different than current active one (requested -> active):
  custom:container-demuxer-ogg: 62fdf1f143b41e24485cea50d1cbac27 -> 
  custom:scripting/monoscript/fileName/GameManager.cs: 9933fbcc6190e2a9171c2ec8808a053e -> 
  custom:video-codec-MediaFoundation-h265: 746d11721c4dcdbdad8f713fa42b33f4 -> 
  custom:video-decoder-ogg-theora: a1e56fd34408186e4bbccfd4996cb3dc -> 
  custom:framework-win-MediaFoundation: 216162199b28c13a410421893ffa2e32 -> 
  custom:CustomObjectIndexerAttribute: 9a22284fe3817be447336de3de66b15e -> 
  custom:container-demuxer-webm: 4f35f7cbe854078d1ac9338744f61a02 -> 
  custom:container-muxer-webm: aa71ff27fc2769a1b78a27578f13a17b -> 
  custom:video-decoder-webm-vp8: 9c59270c3fd7afecdb556c50c9e8de78 -> 
  custom:SearchIndexIgnoredProperties: e643bd26f0fe6173181afceb89e7c659 -> 
  custom:AudioImporter_EditorPlatform: d09bf68614088b80899f8185d706f6e7 -> 
  custom:video-encoder-webm-vp8: eb34c28f22e8b96e1ab97ce403110664 -> 
  custom:audio-decoder-ogg-vorbis: bf7c407c2cedff20999df2af8eb42d56 -> 
  custom:audio-encoder-webm-vorbis: bf7c407c2cedff20999df2af8eb42d56 -> 
  custom:scripting/monoscript/fileName/SceneChanger.cs: 4bb94d70706032f4bd969ba3ab0024bf -> 
  custom:scripting/precompiled-assembly-types:Assembly-CSharp: 656800a52afbda3433a56b1a635e9eeb -> 0950573ccc79f0d8dd275579e87e265a
========================================================================
Received Prepare
Caller must complete domain reload
Begin MonoManager ReloadAssembly
- Loaded All Assemblies, in  1.028 seconds
Native extension for WindowsStandalone target not found
Native extension for Android target not found
Mono: successfully reloaded assembly
- Finished resetting the current domain, in  1.569 seconds
Domain Reload Profiling: 2591ms
	BeginReloadAssembly (465ms)
		ExecutionOrderSort (0ms)
		DisableScriptedObjects (5ms)
		BackupInstance (0ms)
		ReleaseScriptingObjects (0ms)
		CreateAndSetChildDomain (34ms)
	RebuildCommonClasses (71ms)
	RebuildNativeTypeToScriptingClass (20ms)
	initialDomainReloadingComplete (60ms)
	LoadAllAssembliesAndSetupDomain (405ms)
		LoadAssemblies (650ms)
		RebuildTransferFunctionScriptingTraits (0ms)
		AnalyzeDomain (36ms)
			TypeCache.Refresh (11ms)
				TypeCache.ScanAssembly (0ms)
			ScanForSourceGeneratedMonoScriptInfo (12ms)
			ResolveRequiredComponents (10ms)
	FinalizeReload (1569ms)
		ReleaseScriptCaches (0ms)
		RebuildScriptCaches (0ms)
		SetupLoadedEditorAssemblies (603ms)
			LogAssemblyErrors (0ms)
			InitializePlatformSupportModulesInManaged (19ms)
			SetLoadedEditorAssemblies (3ms)
			RefreshPlugins (0ms)
			BeforeProcessingInitializeOnLoad (62ms)
			ProcessInitializeOnLoadAttributes (490ms)
			ProcessInitializeOnLoadMethodAttributes (19ms)
			AfterProcessingInitializeOnLoad (10ms)
			EditorAssembliesLoaded (0ms)
		ExecutionOrderSort2 (0ms)
		AwakeInstancesAfterBackupRestoration (9ms)
Refreshing native plugins compatible for Editor in 11.50 ms, found 4 plugins.
Preloading 0 native plugins for Editor in 0.00 ms.
Unloading 3151 Unused Serialized files (Serialized files now loaded: 0)
Unloading 14 unused Assets / (28.5 KB). Loaded Objects now: 3816.
Memory consumption went from 125.2 MB to 125.2 MB.
Total: 4.135200 ms (FindLiveObjects: 0.359500 ms CreateObjectMapping: 0.111600 ms MarkObjects: 3.580300 ms  DeleteObjects: 0.082800 ms)

Prepare: number of updated asset objects reloaded= 0
AssetImportParameters requested are different than current active one (requested -> active):
  custom:container-demuxer-ogg: 62fdf1f143b41e24485cea50d1cbac27 -> 
  custom:scripting/monoscript/fileName/GameManager.cs: 9933fbcc6190e2a9171c2ec8808a053e -> 
  custom:video-codec-MediaFoundation-h265: 746d11721c4dcdbdad8f713fa42b33f4 -> 
  custom:video-decoder-ogg-theora: a1e56fd34408186e4bbccfd4996cb3dc -> 
  custom:framework-win-MediaFoundation: 216162199b28c13a410421893ffa2e32 -> 
  custom:CustomObjectIndexerAttribute: 9a22284fe3817be447336de3de66b15e -> 
  custom:container-demuxer-webm: 4f35f7cbe854078d1ac9338744f61a02 -> 
  custom:container-muxer-webm: aa71ff27fc2769a1b78a27578f13a17b -> 
  custom:video-decoder-webm-vp8: 9c59270c3fd7afecdb556c50c9e8de78 -> 
  custom:SearchIndexIgnoredProperties: e643bd26f0fe6173181afceb89e7c659 -> 
  custom:AudioImporter_EditorPlatform: d09bf68614088b80899f8185d706f6e7 -> 
  custom:video-encoder-webm-vp8: eb34c28f22e8b96e1ab97ce403110664 -> 
  custom:audio-decoder-ogg-vorbis: bf7c407c2cedff20999df2af8eb42d56 -> 
  custom:audio-encoder-webm-vorbis: bf7c407c2cedff20999df2af8eb42d56 -> 
  custom:scripting/monoscript/fileName/SceneChanger.cs: 4bb94d70706032f4bd969ba3ab0024bf -> 
  custom:scripting/precompiled-assembly-types:Assembly-CSharp: 656800a52afbda3433a56b1a635e9eeb -> 0950573ccc79f0d8dd275579e87e265a
========================================================================
Received Prepare
Caller must complete domain reload
Begin MonoManager ReloadAssembly
- Loaded All Assemblies, in  0.472 seconds
Native extension for WindowsStandalone target not found
Native extension for Android target not found
Mono: successfully reloaded assembly
- Finished resetting the current domain, in  1.836 seconds
Domain Reload Profiling: 2305ms
	BeginReloadAssembly (164ms)
		ExecutionOrderSort (0ms)
		DisableScriptedObjects (5ms)
		BackupInstance (0ms)
		ReleaseScriptingObjects (0ms)
		CreateAndSetChildDomain (32ms)
	RebuildCommonClasses (35ms)
	RebuildNativeTypeToScriptingClass (13ms)
	initialDomainReloadingComplete (34ms)
	LoadAllAssembliesAndSetupDomain (221ms)
		LoadAssemblies (305ms)
		RebuildTransferFunctionScriptingTraits (0ms)
		AnalyzeDomain (11ms)
			TypeCache.Refresh (5ms)
				TypeCache.ScanAssembly (0ms)
			ScanForSourceGeneratedMonoScriptInfo (0ms)
			ResolveRequiredComponents (4ms)
	FinalizeReload (1837ms)
		ReleaseScriptCaches (0ms)
		RebuildScriptCaches (0ms)
		SetupLoadedEditorAssemblies (873ms)
			LogAssemblyErrors (0ms)
			InitializePlatformSupportModulesInManaged (31ms)
			SetLoadedEditorAssemblies (5ms)
			RefreshPlugins (0ms)
			BeforeProcessingInitializeOnLoad (104ms)
			ProcessInitializeOnLoadAttributes (692ms)
			ProcessInitializeOnLoadMethodAttributes (29ms)
			AfterProcessingInitializeOnLoad (12ms)
			EditorAssembliesLoaded (0ms)
		ExecutionOrderSort2 (0ms)
		AwakeInstancesAfterBackupRestoration (10ms)
Refreshing native plugins compatible for Editor in 17.47 ms, found 4 plugins.
Preloading 0 native plugins for Editor in 0.00 ms.
Unloading 3151 Unused Serialized files (Serialized files now loaded: 0)
Unloading 14 unused Assets / (28.5 KB). Loaded Objects now: 3819.
Memory consumption went from 125.2 MB to 125.2 MB.
Total: 4.426000 ms (FindLiveObjects: 0.277600 ms CreateObjectMapping: 0.058400 ms MarkObjects: 4.013600 ms  DeleteObjects: 0.075100 ms)

Prepare: number of updated asset objects reloaded= 0
AssetImportParameters requested are different than current active one (requested -> active):
  custom:container-demuxer-ogg: 62fdf1f143b41e24485cea50d1cbac27 -> 
  custom:scripting/monoscript/fileName/GameManager.cs: 9933fbcc6190e2a9171c2ec8808a053e -> 
  custom:video-codec-MediaFoundation-h265: 746d11721c4dcdbdad8f713fa42b33f4 -> 
  custom:video-decoder-ogg-theora: a1e56fd34408186e4bbccfd4996cb3dc -> 
  custom:framework-win-MediaFoundation: 216162199b28c13a410421893ffa2e32 -> 
  custom:CustomObjectIndexerAttribute: 9a22284fe3817be447336de3de66b15e -> 
  custom:container-demuxer-webm: 4f35f7cbe854078d1ac9338744f61a02 -> 
  custom:container-muxer-webm: aa71ff27fc2769a1b78a27578f13a17b -> 
  custom:video-decoder-webm-vp8: 9c59270c3fd7afecdb556c50c9e8de78 -> 
  custom:SearchIndexIgnoredProperties: e643bd26f0fe6173181afceb89e7c659 -> 
  custom:AudioImporter_EditorPlatform: d09bf68614088b80899f8185d706f6e7 -> 
  custom:video-encoder-webm-vp8: eb34c28f22e8b96e1ab97ce403110664 -> 
  custom:audio-decoder-ogg-vorbis: bf7c407c2cedff20999df2af8eb42d56 -> 
  custom:audio-encoder-webm-vorbis: bf7c407c2cedff20999df2af8eb42d56 -> 
  custom:scripting/monoscript/fileName/SceneChanger.cs: 4bb94d70706032f4bd969ba3ab0024bf -> 
  custom:scripting/precompiled-assembly-types:Assembly-CSharp: 656800a52afbda3433a56b1a635e9eeb -> 0950573ccc79f0d8dd275579e87e265a
========================================================================
Received Prepare
Caller must complete domain reload
Begin MonoManager ReloadAssembly
- Loaded All Assemblies, in  0.766 seconds
Native extension for WindowsStandalone target not found
Native extension for Android target not found
Mono: successfully reloaded assembly
- Finished resetting the current domain, in  1.632 seconds
Domain Reload Profiling: 2391ms
	BeginReloadAssembly (234ms)
		ExecutionOrderSort (0ms)
		DisableScriptedObjects (9ms)
		BackupInstance (0ms)
		ReleaseScriptingObjects (0ms)
		CreateAndSetChildDomain (48ms)
	RebuildCommonClasses (42ms)
	RebuildNativeTypeToScriptingClass (13ms)
	initialDomainReloadingComplete (56ms)
	LoadAllAssembliesAndSetupDomain (413ms)
		LoadAssemblies (507ms)
		RebuildTransferFunctionScriptingTraits (0ms)
		AnalyzeDomain (33ms)
			TypeCache.Refresh (14ms)
				TypeCache.ScanAssembly (0ms)
			ScanForSourceGeneratedMonoScriptInfo (10ms)
			ResolveRequiredComponents (6ms)
	FinalizeReload (1633ms)
		ReleaseScriptCaches (0ms)
		RebuildScriptCaches (0ms)
		SetupLoadedEditorAssemblies (664ms)
			LogAssemblyErrors (0ms)
			InitializePlatformSupportModulesInManaged (21ms)
			SetLoadedEditorAssemblies (3ms)
			RefreshPlugins (0ms)
			BeforeProcessingInitializeOnLoad (59ms)
			ProcessInitializeOnLoadAttributes (551ms)
			ProcessInitializeOnLoadMethodAttributes (19ms)
			AfterProcessingInitializeOnLoad (11ms)
			EditorAssembliesLoaded (0ms)
		ExecutionOrderSort2 (0ms)
		AwakeInstancesAfterBackupRestoration (8ms)
Refreshing native plugins compatible for Editor in 11.01 ms, found 4 plugins.
Preloading 0 native plugins for Editor in 0.00 ms.
Unloading 3151 Unused Serialized files (Serialized files now loaded: 0)
Unloading 14 unused Assets / (28.6 KB). Loaded Objects now: 3822.
Memory consumption went from 125.2 MB to 125.2 MB.
Total: 4.498500 ms (FindLiveObjects: 0.205200 ms CreateObjectMapping: 0.047600 ms MarkObjects: 4.197400 ms  DeleteObjects: 0.046200 ms)

Prepare: number of updated asset objects reloaded= 0
AssetImportParameters requested are different than current active one (requested -> active):
  custom:container-demuxer-ogg: 62fdf1f143b41e24485cea50d1cbac27 -> 
  custom:scripting/monoscript/fileName/GameManager.cs: 9933fbcc6190e2a9171c2ec8808a053e -> 
  custom:video-codec-MediaFoundation-h265: 746d11721c4dcdbdad8f713fa42b33f4 -> 
  custom:video-decoder-ogg-theora: a1e56fd34408186e4bbccfd4996cb3dc -> 
  custom:framework-win-MediaFoundation: 216162199b28c13a410421893ffa2e32 -> 
  custom:CustomObjectIndexerAttribute: 9a22284fe3817be447336de3de66b15e -> 
  custom:container-demuxer-webm: 4f35f7cbe854078d1ac9338744f61a02 -> 
  custom:container-muxer-webm: aa71ff27fc2769a1b78a27578f13a17b -> 
  custom:video-decoder-webm-vp8: 9c59270c3fd7afecdb556c50c9e8de78 -> 
  custom:SearchIndexIgnoredProperties: e643bd26f0fe6173181afceb89e7c659 -> 
  custom:AudioImporter_EditorPlatform: d09bf68614088b80899f8185d706f6e7 -> 
  custom:video-encoder-webm-vp8: eb34c28f22e8b96e1ab97ce403110664 -> 
  custom:audio-decoder-ogg-vorbis: bf7c407c2cedff20999df2af8eb42d56 -> 
  custom:audio-encoder-webm-vorbis: bf7c407c2cedff20999df2af8eb42d56 -> 
  custom:scripting/monoscript/fileName/SceneChanger.cs: 4bb94d70706032f4bd969ba3ab0024bf -> 
  custom:scripting/precompiled-assembly-types:Assembly-CSharp: 656800a52afbda3433a56b1a635e9eeb -> 0950573ccc79f0d8dd275579e87e265a
========================================================================
Received Prepare
Caller must complete domain reload
Begin MonoManager ReloadAssembly
- Loaded All Assemblies, in  0.546 seconds
Native extension for WindowsStandalone target not found
Native extension for Android target not found
Mono: successfully reloaded assembly
- Finished resetting the current domain, in  1.879 seconds
Domain Reload Profiling: 2421ms
	BeginReloadAssembly (170ms)
		ExecutionOrderSort (0ms)
		DisableScriptedObjects (4ms)
		BackupInstance (0ms)
		ReleaseScriptingObjects (0ms)
		CreateAndSetChildDomain (28ms)
	RebuildCommonClasses (32ms)
	RebuildNativeTypeToScriptingClass (12ms)
	initialDomainReloadingComplete (41ms)
	LoadAllAssembliesAndSetupDomain (286ms)
		LoadAssemblies (375ms)
		RebuildTransferFunctionScriptingTraits (0ms)
		AnalyzeDomain (15ms)
			TypeCache.Refresh (7ms)
				TypeCache.ScanAssembly (0ms)
			ScanForSourceGeneratedMonoScriptInfo (0ms)
			ResolveRequiredComponents (7ms)
	FinalizeReload (1879ms)
		ReleaseScriptCaches (0ms)
		RebuildScriptCaches (0ms)
		SetupLoadedEditorAssemblies (943ms)
			LogAssemblyErrors (0ms)
			InitializePlatformSupportModulesInManaged (33ms)
			SetLoadedEditorAssemblies (5ms)
			RefreshPlugins (0ms)
			BeforeProcessingInitializeOnLoad (95ms)
			ProcessInitializeOnLoadAttributes (766ms)
			ProcessInitializeOnLoadMethodAttributes (31ms)
			AfterProcessingInitializeOnLoad (13ms)
			EditorAssembliesLoaded (0ms)
		ExecutionOrderSort2 (0ms)
		AwakeInstancesAfterBackupRestoration (12ms)
Refreshing native plugins compatible for Editor in 11.43 ms, found 4 plugins.
Preloading 0 native plugins for Editor in 0.00 ms.
Unloading 3151 Unused Serialized files (Serialized files now loaded: 0)
Unloading 14 unused Assets / (28.5 KB). Loaded Objects now: 3825.
Memory consumption went from 125.2 MB to 125.2 MB.
Total: 3.409600 ms (FindLiveObjects: 0.411400 ms CreateObjectMapping: 0.167700 ms MarkObjects: 2.784500 ms  DeleteObjects: 0.044300 ms)

Prepare: number of updated asset objects reloaded= 0
AssetImportParameters requested are different than current active one (requested -> active):
  custom:container-demuxer-ogg: 62fdf1f143b41e24485cea50d1cbac27 -> 
  custom:scripting/monoscript/fileName/GameManager.cs: 9933fbcc6190e2a9171c2ec8808a053e -> 
  custom:video-codec-MediaFoundation-h265: 746d11721c4dcdbdad8f713fa42b33f4 -> 
  custom:video-decoder-ogg-theora: a1e56fd34408186e4bbccfd4996cb3dc -> 
  custom:framework-win-MediaFoundation: 216162199b28c13a410421893ffa2e32 -> 
  custom:CustomObjectIndexerAttribute: 9a22284fe3817be447336de3de66b15e -> 
  custom:container-demuxer-webm: 4f35f7cbe854078d1ac9338744f61a02 -> 
  custom:container-muxer-webm: aa71ff27fc2769a1b78a27578f13a17b -> 
  custom:video-decoder-webm-vp8: 9c59270c3fd7afecdb556c50c9e8de78 -> 
  custom:SearchIndexIgnoredProperties: e643bd26f0fe6173181afceb89e7c659 -> 
  custom:AudioImporter_EditorPlatform: d09bf68614088b80899f8185d706f6e7 -> 
  custom:video-encoder-webm-vp8: eb34c28f22e8b96e1ab97ce403110664 -> 
  custom:audio-decoder-ogg-vorbis: bf7c407c2cedff20999df2af8eb42d56 -> 
  custom:audio-encoder-webm-vorbis: bf7c407c2cedff20999df2af8eb42d56 -> 
  custom:scripting/monoscript/fileName/SceneChanger.cs: 4bb94d70706032f4bd969ba3ab0024bf -> 
  custom:scripting/precompiled-assembly-types:Assembly-CSharp: 656800a52afbda3433a56b1a635e9eeb -> 0950573ccc79f0d8dd275579e87e265a
========================================================================
Received Prepare
Caller must complete domain reload
Begin MonoManager ReloadAssembly
- Loaded All Assemblies, in  0.457 seconds
Native extension for WindowsStandalone target not found
Native extension for Android target not found
Mono: successfully reloaded assembly
- Finished resetting the current domain, in  1.599 seconds
Domain Reload Profiling: 2052ms
	BeginReloadAssembly (155ms)
		ExecutionOrderSort (0ms)
		DisableScriptedObjects (3ms)
		BackupInstance (0ms)
		ReleaseScriptingObjects (0ms)
		CreateAndSetChildDomain (24ms)
	RebuildCommonClasses (32ms)
	RebuildNativeTypeToScriptingClass (12ms)
	initialDomainReloadingComplete (33ms)
	LoadAllAssembliesAndSetupDomain (220ms)
		LoadAssemblies (313ms)
		RebuildTransferFunctionScriptingTraits (0ms)
		AnalyzeDomain (13ms)
			TypeCache.Refresh (5ms)
				TypeCache.ScanAssembly (0ms)
			ScanForSourceGeneratedMonoScriptInfo (0ms)
			ResolveRequiredComponents (5ms)
	FinalizeReload (1600ms)
		ReleaseScriptCaches (0ms)
		RebuildScriptCaches (0ms)
		SetupLoadedEditorAssemblies (811ms)
			LogAssemblyErrors (0ms)
			InitializePlatformSupportModulesInManaged (34ms)
			SetLoadedEditorAssemblies (4ms)
			RefreshPlugins (0ms)
			BeforeProcessingInitializeOnLoad (80ms)
			ProcessInitializeOnLoadAttributes (655ms)
			ProcessInitializeOnLoadMethodAttributes (27ms)
			AfterProcessingInitializeOnLoad (11ms)
			EditorAssembliesLoaded (0ms)
		ExecutionOrderSort2 (0ms)
		AwakeInstancesAfterBackupRestoration (9ms)
Refreshing native plugins compatible for Editor in 14.08 ms, found 4 plugins.
Preloading 0 native plugins for Editor in 0.00 ms.
Unloading 3151 Unused Serialized files (Serialized files now loaded: 0)
Unloading 14 unused Assets / (28.6 KB). Loaded Objects now: 3828.
Memory consumption went from 125.2 MB to 125.2 MB.
Total: 4.491300 ms (FindLiveObjects: 0.307300 ms CreateObjectMapping: 0.279000 ms MarkObjects: 3.845000 ms  DeleteObjects: 0.058500 ms)

Prepare: number of updated asset objects reloaded= 0
AssetImportParameters requested are different than current active one (requested -> active):
  custom:container-demuxer-ogg: 62fdf1f143b41e24485cea50d1cbac27 -> 
  custom:scripting/monoscript/fileName/GameManager.cs: 9933fbcc6190e2a9171c2ec8808a053e -> 
  custom:video-codec-MediaFoundation-h265: 746d11721c4dcdbdad8f713fa42b33f4 -> 
  custom:video-decoder-ogg-theora: a1e56fd34408186e4bbccfd4996cb3dc -> 
  custom:framework-win-MediaFoundation: 216162199b28c13a410421893ffa2e32 -> 
  custom:CustomObjectIndexerAttribute: 9a22284fe3817be447336de3de66b15e -> 
  custom:container-demuxer-webm: 4f35f7cbe854078d1ac9338744f61a02 -> 
  custom:container-muxer-webm: aa71ff27fc2769a1b78a27578f13a17b -> 
  custom:video-decoder-webm-vp8: 9c59270c3fd7afecdb556c50c9e8de78 -> 
  custom:SearchIndexIgnoredProperties: e643bd26f0fe6173181afceb89e7c659 -> 
  custom:AudioImporter_EditorPlatform: d09bf68614088b80899f8185d706f6e7 -> 
  custom:video-encoder-webm-vp8: eb34c28f22e8b96e1ab97ce403110664 -> 
  custom:audio-decoder-ogg-vorbis: bf7c407c2cedff20999df2af8eb42d56 -> 
  custom:audio-encoder-webm-vorbis: bf7c407c2cedff20999df2af8eb42d56 -> 
  custom:scripting/monoscript/fileName/SceneChanger.cs: 4bb94d70706032f4bd969ba3ab0024bf -> 
  custom:scripting/precompiled-assembly-types:Assembly-CSharp: 656800a52afbda3433a56b1a635e9eeb -> 0950573ccc79f0d8dd275579e87e265a
========================================================================
Received Import Request.
  Time since last request: 1375.413040 seconds.
  path: Assets/Scripts/GameManager.cs
  artifactKey: Guid(a0931e6d58629fa43933f39a37fcd74b) Importer(815301076,1909f56bfc062723c751e8b465ee728b)
Start importing Assets/Scripts/GameManager.cs using Guid(a0931e6d58629fa43933f39a37fcd74b) Importer(815301076,1909f56bfc062723c751e8b465ee728b) [PhysX] Initialized MultithreadedTaskDispatcher with 18 workers.
 -> (artifact id: 'c7e4de5ded1ff30030a606d1c626bb6e') in 0.001915 seconds
Number of updated asset objects reloaded before import = 0
Number of asset objects unloaded after import = 0
========================================================================
Received Prepare
Caller must complete domain reload
Begin MonoManager ReloadAssembly
- Loaded All Assemblies, in  0.479 seconds
Native extension for WindowsStandalone target not found
Native extension for Android target not found
Mono: successfully reloaded assembly
- Finished resetting the current domain, in  1.106 seconds
Domain Reload Profiling: 1582ms
	BeginReloadAssembly (147ms)
		ExecutionOrderSort (0ms)
		DisableScriptedObjects (4ms)
		BackupInstance (0ms)
		ReleaseScriptingObjects (0ms)
		CreateAndSetChildDomain (24ms)
	RebuildCommonClasses (36ms)
	RebuildNativeTypeToScriptingClass (15ms)
	initialDomainReloadingComplete (35ms)
	LoadAllAssembliesAndSetupDomain (242ms)
		LoadAssemblies (308ms)
		RebuildTransferFunctionScriptingTraits (0ms)
		AnalyzeDomain (22ms)
			TypeCache.Refresh (8ms)
				TypeCache.ScanAssembly (0ms)
			ScanForSourceGeneratedMonoScriptInfo (7ms)
			ResolveRequiredComponents (5ms)
	FinalizeReload (1107ms)
		ReleaseScriptCaches (0ms)
		RebuildScriptCaches (0ms)
		SetupLoadedEditorAssemblies (543ms)
			LogAssemblyErrors (0ms)
			InitializePlatformSupportModulesInManaged (17ms)
			SetLoadedEditorAssemblies (3ms)
			RefreshPlugins (0ms)
			BeforeProcessingInitializeOnLoad (58ms)
			ProcessInitializeOnLoadAttributes (441ms)
			ProcessInitializeOnLoadMethodAttributes (16ms)
			AfterProcessingInitializeOnLoad (8ms)
			EditorAssembliesLoaded (0ms)
		ExecutionOrderSort2 (0ms)
		AwakeInstancesAfterBackupRestoration (6ms)
Refreshing native plugins compatible for Editor in 9.44 ms, found 4 plugins.
Preloading 0 native plugins for Editor in 0.00 ms.
Unloading 3149 Unused Serialized files (Serialized files now loaded: 0)
Unloading 15 unused Assets / (29.0 KB). Loaded Objects now: 3830.
Memory consumption went from 124.9 MB to 124.9 MB.
Total: 3.678300 ms (FindLiveObjects: 0.310100 ms CreateObjectMapping: 0.062000 ms MarkObjects: 3.231600 ms  DeleteObjects: 0.073100 ms)

Prepare: number of updated asset objects reloaded= 0
AssetImportParameters requested are different than current active one (requested -> active):
  custom:container-demuxer-ogg: 62fdf1f143b41e24485cea50d1cbac27 -> 
  custom:scripting/monoscript/fileName/GameManager.cs: 9933fbcc6190e2a9171c2ec8808a053e -> 
  custom:video-codec-MediaFoundation-h265: 746d11721c4dcdbdad8f713fa42b33f4 -> 
  custom:video-decoder-ogg-theora: a1e56fd34408186e4bbccfd4996cb3dc -> 
  custom:framework-win-MediaFoundation: 216162199b28c13a410421893ffa2e32 -> 
  custom:CustomObjectIndexerAttribute: 9a22284fe3817be447336de3de66b15e -> 
  custom:container-demuxer-webm: 4f35f7cbe854078d1ac9338744f61a02 -> 
  custom:container-muxer-webm: aa71ff27fc2769a1b78a27578f13a17b -> 
  custom:video-decoder-webm-vp8: 9c59270c3fd7afecdb556c50c9e8de78 -> 
  custom:SearchIndexIgnoredProperties: e643bd26f0fe6173181afceb89e7c659 -> 
  custom:AudioImporter_EditorPlatform: d09bf68614088b80899f8185d706f6e7 -> 
  custom:video-encoder-webm-vp8: eb34c28f22e8b96e1ab97ce403110664 -> 
  custom:audio-decoder-ogg-vorbis: bf7c407c2cedff20999df2af8eb42d56 -> 
  custom:audio-encoder-webm-vorbis: bf7c407c2cedff20999df2af8eb42d56 -> 
  custom:scripting/monoscript/fileName/SceneChanger.cs: 4bb94d70706032f4bd969ba3ab0024bf -> 
  custom:scripting/precompiled-assembly-types:Assembly-CSharp: a90f33f4fcdf94c1f66fbae121322fcb -> 0950573ccc79f0d8dd275579e87e265a
========================================================================
Received Prepare
Caller must complete domain reload
Begin MonoManager ReloadAssembly
- Loaded All Assemblies, in  0.499 seconds
Native extension for WindowsStandalone target not found
Native extension for Android target not found
Mono: successfully reloaded assembly
- Finished resetting the current domain, in  1.601 seconds
Domain Reload Profiling: 2096ms
	BeginReloadAssembly (161ms)
		ExecutionOrderSort (0ms)
		DisableScriptedObjects (4ms)
		BackupInstance (0ms)
		ReleaseScriptingObjects (0ms)
		CreateAndSetChildDomain (28ms)
	RebuildCommonClasses (37ms)
	RebuildNativeTypeToScriptingClass (13ms)
	initialDomainReloadingComplete (30ms)
	LoadAllAssembliesAndSetupDomain (254ms)
		LoadAssemblies (330ms)
		RebuildTransferFunctionScriptingTraits (0ms)
		AnalyzeDomain (21ms)
			TypeCache.Refresh (11ms)
				TypeCache.ScanAssembly (0ms)
			ScanForSourceGeneratedMonoScriptInfo (0ms)
			ResolveRequiredComponents (7ms)
	FinalizeReload (1601ms)
		ReleaseScriptCaches (0ms)
		RebuildScriptCaches (0ms)
		SetupLoadedEditorAssemblies (844ms)
			LogAssemblyErrors (0ms)
			InitializePlatformSupportModulesInManaged (24ms)
			SetLoadedEditorAssemblies (3ms)
			RefreshPlugins (0ms)
			BeforeProcessingInitializeOnLoad (80ms)
			ProcessInitializeOnLoadAttributes (699ms)
			ProcessInitializeOnLoadMethodAttributes (26ms)
			AfterProcessingInitializeOnLoad (12ms)
			EditorAssembliesLoaded (0ms)
		ExecutionOrderSort2 (0ms)
		AwakeInstancesAfterBackupRestoration (9ms)
Refreshing native plugins compatible for Editor in 14.92 ms, found 4 plugins.
Preloading 0 native plugins for Editor in 0.00 ms.
Unloading 3150 Unused Serialized files (Serialized files now loaded: 0)
Unloading 14 unused Assets / (28.5 KB). Loaded Objects now: 3833.
Memory consumption went from 125.2 MB to 125.1 MB.
Total: 4.370800 ms (FindLiveObjects: 0.260300 ms CreateObjectMapping: 0.065800 ms MarkObjects: 3.986100 ms  DeleteObjects: 0.057400 ms)

Prepare: number of updated asset objects reloaded= 0
AssetImportParameters requested are different than current active one (requested -> active):
  custom:container-demuxer-ogg: 62fdf1f143b41e24485cea50d1cbac27 -> 
  custom:scripting/monoscript/fileName/GameManager.cs: 9933fbcc6190e2a9171c2ec8808a053e -> 
  custom:video-codec-MediaFoundation-h265: 746d11721c4dcdbdad8f713fa42b33f4 -> 
  custom:video-decoder-ogg-theora: a1e56fd34408186e4bbccfd4996cb3dc -> 
  custom:framework-win-MediaFoundation: 216162199b28c13a410421893ffa2e32 -> 
  custom:CustomObjectIndexerAttribute: 9a22284fe3817be447336de3de66b15e -> 
  custom:container-demuxer-webm: 4f35f7cbe854078d1ac9338744f61a02 -> 
  custom:container-muxer-webm: aa71ff27fc2769a1b78a27578f13a17b -> 
  custom:video-decoder-webm-vp8: 9c59270c3fd7afecdb556c50c9e8de78 -> 
  custom:SearchIndexIgnoredProperties: e643bd26f0fe6173181afceb89e7c659 -> 
  custom:AudioImporter_EditorPlatform: d09bf68614088b80899f8185d706f6e7 -> 
  custom:video-encoder-webm-vp8: eb34c28f22e8b96e1ab97ce403110664 -> 
  custom:audio-decoder-ogg-vorbis: bf7c407c2cedff20999df2af8eb42d56 -> 
  custom:audio-encoder-webm-vorbis: bf7c407c2cedff20999df2af8eb42d56 -> 
  custom:scripting/monoscript/fileName/SceneChanger.cs: 4bb94d70706032f4bd969ba3ab0024bf -> 
  custom:scripting/precompiled-assembly-types:Assembly-CSharp: a90f33f4fcdf94c1f66fbae121322fcb -> 0950573ccc79f0d8dd275579e87e265a
========================================================================
Received Prepare
Caller must complete domain reload
Begin MonoManager ReloadAssembly
- Loaded All Assemblies, in  0.457 seconds
Native extension for WindowsStandalone target not found
Native extension for Android target not found
Mono: successfully reloaded assembly
- Finished resetting the current domain, in  1.599 seconds
Domain Reload Profiling: 2054ms
	BeginReloadAssembly (149ms)
		ExecutionOrderSort (0ms)
		DisableScriptedObjects (4ms)
		BackupInstance (0ms)
		ReleaseScriptingObjects (0ms)
		CreateAndSetChildDomain (26ms)
	RebuildCommonClasses (29ms)
	RebuildNativeTypeToScriptingClass (8ms)
	initialDomainReloadingComplete (38ms)
	LoadAllAssembliesAndSetupDomain (230ms)
		LoadAssemblies (304ms)
		RebuildTransferFunctionScriptingTraits (0ms)
		AnalyzeDomain (14ms)
			TypeCache.Refresh (7ms)
				TypeCache.ScanAssembly (0ms)
			ScanForSourceGeneratedMonoScriptInfo (0ms)
			ResolveRequiredComponents (4ms)
	FinalizeReload (1600ms)
		ReleaseScriptCaches (0ms)
		RebuildScriptCaches (0ms)
		SetupLoadedEditorAssemblies (815ms)
			LogAssemblyErrors (0ms)
			InitializePlatformSupportModulesInManaged (29ms)
			SetLoadedEditorAssemblies (4ms)
			RefreshPlugins (0ms)
			BeforeProcessingInitializeOnLoad (83ms)
			ProcessInitializeOnLoadAttributes (661ms)
			ProcessInitializeOnLoadMethodAttributes (27ms)
			AfterProcessingInitializeOnLoad (11ms)
			EditorAssembliesLoaded (0ms)
		ExecutionOrderSort2 (0ms)
		AwakeInstancesAfterBackupRestoration (9ms)
Refreshing native plugins compatible for Editor in 17.14 ms, found 4 plugins.
Preloading 0 native plugins for Editor in 0.00 ms.
Unloading 3150 Unused Serialized files (Serialized files now loaded: 0)
Unloading 14 unused Assets / (28.5 KB). Loaded Objects now: 3836.
Memory consumption went from 125.2 MB to 125.2 MB.
Total: 4.450300 ms (FindLiveObjects: 0.274500 ms CreateObjectMapping: 0.066900 ms MarkObjects: 4.045000 ms  DeleteObjects: 0.062100 ms)

Prepare: number of updated asset objects reloaded= 0
AssetImportParameters requested are different than current active one (requested -> active):
  custom:container-demuxer-ogg: 62fdf1f143b41e24485cea50d1cbac27 -> 
  custom:scripting/monoscript/fileName/GameManager.cs: 9933fbcc6190e2a9171c2ec8808a053e -> 
  custom:video-codec-MediaFoundation-h265: 746d11721c4dcdbdad8f713fa42b33f4 -> 
  custom:video-decoder-ogg-theora: a1e56fd34408186e4bbccfd4996cb3dc -> 
  custom:framework-win-MediaFoundation: 216162199b28c13a410421893ffa2e32 -> 
  custom:CustomObjectIndexerAttribute: 9a22284fe3817be447336de3de66b15e -> 
  custom:container-demuxer-webm: 4f35f7cbe854078d1ac9338744f61a02 -> 
  custom:container-muxer-webm: aa71ff27fc2769a1b78a27578f13a17b -> 
  custom:video-decoder-webm-vp8: 9c59270c3fd7afecdb556c50c9e8de78 -> 
  custom:SearchIndexIgnoredProperties: e643bd26f0fe6173181afceb89e7c659 -> 
  custom:AudioImporter_EditorPlatform: d09bf68614088b80899f8185d706f6e7 -> 
  custom:video-encoder-webm-vp8: eb34c28f22e8b96e1ab97ce403110664 -> 
  custom:audio-decoder-ogg-vorbis: bf7c407c2cedff20999df2af8eb42d56 -> 
  custom:audio-encoder-webm-vorbis: bf7c407c2cedff20999df2af8eb42d56 -> 
  custom:scripting/monoscript/fileName/SceneChanger.cs: 4bb94d70706032f4bd969ba3ab0024bf -> 
  custom:scripting/precompiled-assembly-types:Assembly-CSharp: a90f33f4fcdf94c1f66fbae121322fcb -> 0950573ccc79f0d8dd275579e87e265a
========================================================================
Received Prepare
Caller must complete domain reload
Begin MonoManager ReloadAssembly
- Loaded All Assemblies, in  0.462 seconds
Native extension for WindowsStandalone target not found
Native extension for Android target not found
Mono: successfully reloaded assembly
- Finished resetting the current domain, in  1.382 seconds
Domain Reload Profiling: 1842ms
	BeginReloadAssembly (157ms)
		ExecutionOrderSort (0ms)
		DisableScriptedObjects (4ms)
		BackupInstance (0ms)
		ReleaseScriptingObjects (0ms)
		CreateAndSetChildDomain (26ms)
	RebuildCommonClasses (28ms)
	RebuildNativeTypeToScriptingClass (9ms)
	initialDomainReloadingComplete (28ms)
	LoadAllAssembliesAndSetupDomain (237ms)
		LoadAssemblies (310ms)
		RebuildTransferFunctionScriptingTraits (0ms)
		AnalyzeDomain (23ms)
			TypeCache.Refresh (8ms)
				TypeCache.ScanAssembly (0ms)
			ScanForSourceGeneratedMonoScriptInfo (8ms)
			ResolveRequiredComponents (5ms)
	FinalizeReload (1382ms)
		ReleaseScriptCaches (0ms)
		RebuildScriptCaches (0ms)
		SetupLoadedEditorAssemblies (725ms)
			LogAssemblyErrors (0ms)
			InitializePlatformSupportModulesInManaged (27ms)
			SetLoadedEditorAssemblies (4ms)
			RefreshPlugins (0ms)
			BeforeProcessingInitializeOnLoad (83ms)
			ProcessInitializeOnLoadAttributes (583ms)
			ProcessInitializeOnLoadMethodAttributes (17ms)
			AfterProcessingInitializeOnLoad (11ms)
			EditorAssembliesLoaded (0ms)
		ExecutionOrderSort2 (0ms)
		AwakeInstancesAfterBackupRestoration (9ms)
Refreshing native plugins compatible for Editor in 16.13 ms, found 4 plugins.
Preloading 0 native plugins for Editor in 0.00 ms.
Unloading 3150 Unused Serialized files (Serialized files now loaded: 0)
Unloading 14 unused Assets / (28.5 KB). Loaded Objects now: 3839.
Memory consumption went from 125.2 MB to 125.2 MB.
Total: 3.316900 ms (FindLiveObjects: 0.263200 ms CreateObjectMapping: 0.057300 ms MarkObjects: 2.952300 ms  DeleteObjects: 0.041200 ms)

Prepare: number of updated asset objects reloaded= 0
AssetImportParameters requested are different than current active one (requested -> active):
  custom:container-demuxer-ogg: 62fdf1f143b41e24485cea50d1cbac27 -> 
  custom:scripting/monoscript/fileName/GameManager.cs: 9933fbcc6190e2a9171c2ec8808a053e -> 
  custom:video-codec-MediaFoundation-h265: 746d11721c4dcdbdad8f713fa42b33f4 -> 
  custom:video-decoder-ogg-theora: a1e56fd34408186e4bbccfd4996cb3dc -> 
  custom:framework-win-MediaFoundation: 216162199b28c13a410421893ffa2e32 -> 
  custom:CustomObjectIndexerAttribute: 9a22284fe3817be447336de3de66b15e -> 
  custom:container-demuxer-webm: 4f35f7cbe854078d1ac9338744f61a02 -> 
  custom:container-muxer-webm: aa71ff27fc2769a1b78a27578f13a17b -> 
  custom:video-decoder-webm-vp8: 9c59270c3fd7afecdb556c50c9e8de78 -> 
  custom:SearchIndexIgnoredProperties: e643bd26f0fe6173181afceb89e7c659 -> 
  custom:AudioImporter_EditorPlatform: d09bf68614088b80899f8185d706f6e7 -> 
  custom:video-encoder-webm-vp8: eb34c28f22e8b96e1ab97ce403110664 -> 
  custom:audio-decoder-ogg-vorbis: bf7c407c2cedff20999df2af8eb42d56 -> 
  custom:audio-encoder-webm-vorbis: bf7c407c2cedff20999df2af8eb42d56 -> 
  custom:scripting/monoscript/fileName/SceneChanger.cs: 4bb94d70706032f4bd969ba3ab0024bf -> 
  custom:scripting/precompiled-assembly-types:Assembly-CSharp: 0af7c0c811f5b10647697694ccb5251a -> 0950573ccc79f0d8dd275579e87e265a
========================================================================
Received Prepare
Caller must complete domain reload
Begin MonoManager ReloadAssembly
- Loaded All Assemblies, in  0.447 seconds
Native extension for WindowsStandalone target not found
Native extension for Android target not found
Mono: successfully reloaded assembly
- Finished resetting the current domain, in  1.516 seconds
Domain Reload Profiling: 1958ms
	BeginReloadAssembly (154ms)
		ExecutionOrderSort (0ms)
		DisableScriptedObjects (4ms)
		BackupInstance (0ms)
		ReleaseScriptingObjects (0ms)
		CreateAndSetChildDomain (30ms)
	RebuildCommonClasses (30ms)
	RebuildNativeTypeToScriptingClass (8ms)
	initialDomainReloadingComplete (30ms)
	LoadAllAssembliesAndSetupDomain (219ms)
		LoadAssemblies (291ms)
		RebuildTransferFunctionScriptingTraits (0ms)
		AnalyzeDomain (14ms)
			TypeCache.Refresh (6ms)
				TypeCache.ScanAssembly (0ms)
			ScanForSourceGeneratedMonoScriptInfo (0ms)
			ResolveRequiredComponents (6ms)
	FinalizeReload (1516ms)
		ReleaseScriptCaches (0ms)
		RebuildScriptCaches (0ms)
		SetupLoadedEditorAssemblies (834ms)
			LogAssemblyErrors (0ms)
			InitializePlatformSupportModulesInManaged (30ms)
			SetLoadedEditorAssemblies (4ms)
			RefreshPlugins (0ms)
			BeforeProcessingInitializeOnLoad (87ms)
			ProcessInitializeOnLoadAttributes (675ms)
			ProcessInitializeOnLoadMethodAttributes (25ms)
			AfterProcessingInitializeOnLoad (13ms)
			EditorAssembliesLoaded (0ms)
		ExecutionOrderSort2 (0ms)
		AwakeInstancesAfterBackupRestoration (11ms)
Refreshing native plugins compatible for Editor in 15.28 ms, found 4 plugins.
Preloading 0 native plugins for Editor in 0.00 ms.
Unloading 3150 Unused Serialized files (Serialized files now loaded: 0)
Unloading 14 unused Assets / (28.5 KB). Loaded Objects now: 3842.
Memory consumption went from 125.2 MB to 125.2 MB.
Total: 4.637800 ms (FindLiveObjects: 0.325500 ms CreateObjectMapping: 0.069800 ms MarkObjects: 4.190400 ms  DeleteObjects: 0.050500 ms)

Prepare: number of updated asset objects reloaded= 0
AssetImportParameters requested are different than current active one (requested -> active):
  custom:container-demuxer-ogg: 62fdf1f143b41e24485cea50d1cbac27 -> 
  custom:scripting/monoscript/fileName/GameManager.cs: 9933fbcc6190e2a9171c2ec8808a053e -> 
  custom:video-codec-MediaFoundation-h265: 746d11721c4dcdbdad8f713fa42b33f4 -> 
  custom:video-decoder-ogg-theora: a1e56fd34408186e4bbccfd4996cb3dc -> 
  custom:framework-win-MediaFoundation: 216162199b28c13a410421893ffa2e32 -> 
  custom:CustomObjectIndexerAttribute: 9a22284fe3817be447336de3de66b15e -> 
  custom:container-demuxer-webm: 4f35f7cbe854078d1ac9338744f61a02 -> 
  custom:container-muxer-webm: aa71ff27fc2769a1b78a27578f13a17b -> 
  custom:video-decoder-webm-vp8: 9c59270c3fd7afecdb556c50c9e8de78 -> 
  custom:SearchIndexIgnoredProperties: e643bd26f0fe6173181afceb89e7c659 -> 
  custom:AudioImporter_EditorPlatform: d09bf68614088b80899f8185d706f6e7 -> 
  custom:video-encoder-webm-vp8: eb34c28f22e8b96e1ab97ce403110664 -> 
  custom:audio-decoder-ogg-vorbis: bf7c407c2cedff20999df2af8eb42d56 -> 
  custom:audio-encoder-webm-vorbis: bf7c407c2cedff20999df2af8eb42d56 -> 
  custom:scripting/monoscript/fileName/SceneChanger.cs: 4bb94d70706032f4bd969ba3ab0024bf -> 
  custom:scripting/precompiled-assembly-types:Assembly-CSharp: 0af7c0c811f5b10647697694ccb5251a -> 0950573ccc79f0d8dd275579e87e265a
========================================================================
Received Prepare
Caller must complete domain reload
Begin MonoManager ReloadAssembly
- Loaded All Assemblies, in  0.838 seconds
Native extension for WindowsStandalone target not found
Native extension for Android target not found
Mono: successfully reloaded assembly
- Finished resetting the current domain, in  1.148 seconds
Domain Reload Profiling: 1978ms
	BeginReloadAssembly (241ms)
		ExecutionOrderSort (0ms)
		DisableScriptedObjects (6ms)
		BackupInstance (0ms)
		ReleaseScriptingObjects (0ms)
		CreateAndSetChildDomain (55ms)
	RebuildCommonClasses (54ms)
	RebuildNativeTypeToScriptingClass (18ms)
	initialDomainReloadingComplete (59ms)
	LoadAllAssembliesAndSetupDomain (458ms)
		LoadAssemblies (571ms)
		RebuildTransferFunctionScriptingTraits (0ms)
		AnalyzeDomain (18ms)
			TypeCache.Refresh (6ms)
				TypeCache.ScanAssembly (0ms)
			ScanForSourceGeneratedMonoScriptInfo (6ms)
			ResolveRequiredComponents (4ms)
	FinalizeReload (1149ms)
		ReleaseScriptCaches (0ms)
		RebuildScriptCaches (0ms)
		SetupLoadedEditorAssemblies (610ms)
			LogAssemblyErrors (0ms)
			InitializePlatformSupportModulesInManaged (17ms)
			SetLoadedEditorAssemblies (3ms)
			RefreshPlugins (0ms)
			BeforeProcessingInitializeOnLoad (51ms)
			ProcessInitializeOnLoadAttributes (509ms)
			ProcessInitializeOnLoadMethodAttributes (20ms)
			AfterProcessingInitializeOnLoad (10ms)
			EditorAssembliesLoaded (0ms)
		ExecutionOrderSort2 (0ms)
		AwakeInstancesAfterBackupRestoration (9ms)
Refreshing native plugins compatible for Editor in 14.59 ms, found 4 plugins.
Preloading 0 native plugins for Editor in 0.00 ms.
Unloading 3150 Unused Serialized files (Serialized files now loaded: 0)
Unloading 14 unused Assets / (28.6 KB). Loaded Objects now: 3845.
Memory consumption went from 125.2 MB to 125.2 MB.
Total: 3.509900 ms (FindLiveObjects: 0.236500 ms CreateObjectMapping: 0.049400 ms MarkObjects: 3.156400 ms  DeleteObjects: 0.065200 ms)

Prepare: number of updated asset objects reloaded= 0
AssetImportParameters requested are different than current active one (requested -> active):
  custom:container-demuxer-ogg: 62fdf1f143b41e24485cea50d1cbac27 -> 
  custom:scripting/monoscript/fileName/GameManager.cs: 9933fbcc6190e2a9171c2ec8808a053e -> 
  custom:video-codec-MediaFoundation-h265: 746d11721c4dcdbdad8f713fa42b33f4 -> 
  custom:video-decoder-ogg-theora: a1e56fd34408186e4bbccfd4996cb3dc -> 
  custom:framework-win-MediaFoundation: 216162199b28c13a410421893ffa2e32 -> 
  custom:CustomObjectIndexerAttribute: 9a22284fe3817be447336de3de66b15e -> 
  custom:container-demuxer-webm: 4f35f7cbe854078d1ac9338744f61a02 -> 
  custom:container-muxer-webm: aa71ff27fc2769a1b78a27578f13a17b -> 
  custom:video-decoder-webm-vp8: 9c59270c3fd7afecdb556c50c9e8de78 -> 
  custom:SearchIndexIgnoredProperties: e643bd26f0fe6173181afceb89e7c659 -> 
  custom:AudioImporter_EditorPlatform: d09bf68614088b80899f8185d706f6e7 -> 
  custom:video-encoder-webm-vp8: eb34c28f22e8b96e1ab97ce403110664 -> 
  custom:audio-decoder-ogg-vorbis: bf7c407c2cedff20999df2af8eb42d56 -> 
  custom:audio-encoder-webm-vorbis: bf7c407c2cedff20999df2af8eb42d56 -> 
  custom:scripting/monoscript/fileName/SceneChanger.cs: 4bb94d70706032f4bd969ba3ab0024bf -> 
  custom:scripting/precompiled-assembly-types:Assembly-CSharp: 0af7c0c811f5b10647697694ccb5251a -> 0950573ccc79f0d8dd275579e87e265a
========================================================================
Received Import Request.
  Time since last request: 1525.266186 seconds.
  path: Assets/TextMesh Pro/Fonts/LiberationSans.ttf
  artifactKey: Guid(e3265ab4bf004d28a9537516768c1c75) Importer(815301076,1909f56bfc062723c751e8b465ee728b)
Start importing Assets/TextMesh Pro/Fonts/LiberationSans.ttf using Guid(e3265ab4bf004d28a9537516768c1c75) Importer(815301076,1909f56bfc062723c751e8b465ee728b) [PhysX] Initialized MultithreadedTaskDispatcher with 18 workers.
[PhysX] Initialized MultithreadedTaskDispatcher with 18 workers.
[PhysX] Initialized MultithreadedTaskDispatcher with 18 workers.
 -> (artifact id: 'cc0b5300b8e0f983116f46e186ac1a94') in 0.110632 seconds
Number of updated asset objects reloaded before import = 0
Number of asset objects unloaded after import = 4
========================================================================
Received Import Request.
  Time since last request: 1.034740 seconds.
  path: Assets/TextMesh Pro/Resources/Fonts & Materials/LiberationSans SDF.asset
  artifactKey: Guid(8f586378b4e144a9851e7b34d9b748ee) Importer(815301076,1909f56bfc062723c751e8b465ee728b)
Start importing Assets/TextMesh Pro/Resources/Fonts & Materials/LiberationSans SDF.asset using Guid(8f586378b4e144a9851e7b34d9b748ee) Importer(815301076,1909f56bfc062723c751e8b465ee728b) [PhysX] Initialized MultithreadedTaskDispatcher with 18 workers.
[PhysX] Initialized MultithreadedTaskDispatcher with 18 workers.
[PhysX] Initialized MultithreadedTaskDispatcher with 18 workers.
 -> (artifact id: '03c5a5467af164267e59a789478e5530') in 0.121057 seconds
Number of updated asset objects reloaded before import = 0
Number of asset objects unloaded after import = 9
========================================================================
Received Import Request.
  Time since last request: 0.000022 seconds.
  path: Assets/TextMesh Pro/Resources/Fonts & Materials/LiberationSans SDF - Fallback.asset
  artifactKey: Guid(2e498d1c8094910479dc3e1b768306a4) Importer(815301076,1909f56bfc062723c751e8b465ee728b)
Start importing Assets/TextMesh Pro/Resources/Fonts & Materials/LiberationSans SDF - Fallback.asset using Guid(2e498d1c8094910479dc3e1b768306a4) Importer(815301076,1909f56bfc062723c751e8b465ee728b) [PhysX] Initialized MultithreadedTaskDispatcher with 18 workers.
[PhysX] Initialized MultithreadedTaskDispatcher with 18 workers.
[PhysX] Initialized MultithreadedTaskDispatcher with 18 workers.
 -> (artifact id: '02de02c368f2da0774dce83cdb2a5a99') in 0.054394 seconds
Number of updated asset objects reloaded before import = 0
Number of asset objects unloaded after import = 6
========================================================================
Received Import Request.
  Time since last request: 0.144657 seconds.
  path: Assets/TextMesh Pro/Resources/Fonts & Materials/LiberationSans SDF - Outline.mat
  artifactKey: Guid(79459efec17a4d00a321bdcc27bbc385) Importer(815301076,1909f56bfc062723c751e8b465ee728b)
Start importing Assets/TextMesh Pro/Resources/Fonts & Materials/LiberationSans SDF - Outline.mat using Guid(79459efec17a4d00a321bdcc27bbc385) Importer(815301076,1909f56bfc062723c751e8b465ee728b) [PhysX] Initialized MultithreadedTaskDispatcher with 18 workers.
[PhysX] Initialized MultithreadedTaskDispatcher with 18 workers.
 -> (artifact id: '12af0c19814cd3032d7443ed6652c802') in 0.147228 seconds
Number of updated asset objects reloaded before import = 0
Number of asset objects unloaded after import = 2
========================================================================
Received Prepare
Caller must complete domain reload
Begin MonoManager ReloadAssembly
- Loaded All Assemblies, in  0.467 seconds
Native extension for WindowsStandalone target not found
Native extension for Android target not found
Mono: successfully reloaded assembly
- Finished resetting the current domain, in  1.300 seconds
Domain Reload Profiling: 1762ms
	BeginReloadAssembly (145ms)
		ExecutionOrderSort (0ms)
		DisableScriptedObjects (4ms)
		BackupInstance (0ms)
		ReleaseScriptingObjects (0ms)
		CreateAndSetChildDomain (30ms)
	RebuildCommonClasses (34ms)
	RebuildNativeTypeToScriptingClass (12ms)
	initialDomainReloadingComplete (36ms)
	LoadAllAssembliesAndSetupDomain (235ms)
		LoadAssemblies (295ms)
		RebuildTransferFunctionScriptingTraits (0ms)
		AnalyzeDomain (20ms)
			TypeCache.Refresh (7ms)
				TypeCache.ScanAssembly (0ms)
			ScanForSourceGeneratedMonoScriptInfo (6ms)
			ResolveRequiredComponents (5ms)
	FinalizeReload (1300ms)
		ReleaseScriptCaches (0ms)
		RebuildScriptCaches (0ms)
		SetupLoadedEditorAssemblies (525ms)
			LogAssemblyErrors (0ms)
			InitializePlatformSupportModulesInManaged (17ms)
			SetLoadedEditorAssemblies (2ms)
			RefreshPlugins (0ms)
			BeforeProcessingInitializeOnLoad (55ms)
			ProcessInitializeOnLoadAttributes (425ms)
			ProcessInitializeOnLoadMethodAttributes (18ms)
			AfterProcessingInitializeOnLoad (8ms)
			EditorAssembliesLoaded (0ms)
		ExecutionOrderSort2 (0ms)
		AwakeInstancesAfterBackupRestoration (7ms)
Refreshing native plugins compatible for Editor in 9.66 ms, found 4 plugins.
Preloading 0 native plugins for Editor in 0.00 ms.
Unloading 3149 Unused Serialized files (Serialized files now loaded: 0)
Unloading 14 unused Assets / (28.5 KB). Loaded Objects now: 3886.
Memory consumption went from 125.3 MB to 125.3 MB.
Total: 3.441100 ms (FindLiveObjects: 0.208900 ms CreateObjectMapping: 0.050800 ms MarkObjects: 3.137400 ms  DeleteObjects: 0.042800 ms)

Prepare: number of updated asset objects reloaded= 0
AssetImportParameters requested are different than current active one (requested -> active):
  custom:container-demuxer-ogg: 62fdf1f143b41e24485cea50d1cbac27 -> 
  custom:scripting/monoscript/fileName/GameManager.cs: 9933fbcc6190e2a9171c2ec8808a053e -> 
  custom:video-codec-MediaFoundation-h265: 746d11721c4dcdbdad8f713fa42b33f4 -> 
  custom:video-decoder-ogg-theora: a1e56fd34408186e4bbccfd4996cb3dc -> 
  custom:framework-win-MediaFoundation: 216162199b28c13a410421893ffa2e32 -> 
  custom:CustomObjectIndexerAttribute: 9a22284fe3817be447336de3de66b15e -> 
  custom:container-demuxer-webm: 4f35f7cbe854078d1ac9338744f61a02 -> 
  custom:container-muxer-webm: aa71ff27fc2769a1b78a27578f13a17b -> 
  custom:video-decoder-webm-vp8: 9c59270c3fd7afecdb556c50c9e8de78 -> 
  custom:SearchIndexIgnoredProperties: e643bd26f0fe6173181afceb89e7c659 -> 
  custom:AudioImporter_EditorPlatform: d09bf68614088b80899f8185d706f6e7 -> 
  custom:video-encoder-webm-vp8: eb34c28f22e8b96e1ab97ce403110664 -> 
  custom:audio-decoder-ogg-vorbis: bf7c407c2cedff20999df2af8eb42d56 -> 
  custom:audio-encoder-webm-vorbis: bf7c407c2cedff20999df2af8eb42d56 -> 
  custom:scripting/monoscript/fileName/SceneChanger.cs: 4bb94d70706032f4bd969ba3ab0024bf -> 
  custom:scripting/precompiled-assembly-types:Assembly-CSharp: 0af7c0c811f5b10647697694ccb5251a -> 0950573ccc79f0d8dd275579e87e265a
========================================================================
Received Prepare
Caller must complete domain reload
Begin MonoManager ReloadAssembly
- Loaded All Assemblies, in  0.444 seconds
Native extension for WindowsStandalone target not found
Native extension for Android target not found
Mono: successfully reloaded assembly
- Finished resetting the current domain, in  1.714 seconds
Domain Reload Profiling: 2154ms
	BeginReloadAssembly (140ms)
		ExecutionOrderSort (0ms)
		DisableScriptedObjects (4ms)
		BackupInstance (0ms)
		ReleaseScriptingObjects (0ms)
		CreateAndSetChildDomain (23ms)
	RebuildCommonClasses (29ms)
	RebuildNativeTypeToScriptingClass (11ms)
	initialDomainReloadingComplete (29ms)
	LoadAllAssembliesAndSetupDomain (231ms)
		LoadAssemblies (298ms)
		RebuildTransferFunctionScriptingTraits (0ms)
		AnalyzeDomain (17ms)
			TypeCache.Refresh (5ms)
				TypeCache.ScanAssembly (0ms)
			ScanForSourceGeneratedMonoScriptInfo (0ms)
			ResolveRequiredComponents (8ms)
	FinalizeReload (1714ms)
		ReleaseScriptCaches (0ms)
		RebuildScriptCaches (0ms)
		SetupLoadedEditorAssemblies (968ms)
			LogAssemblyErrors (0ms)
			InitializePlatformSupportModulesInManaged (30ms)
			SetLoadedEditorAssemblies (5ms)
			RefreshPlugins (0ms)
			BeforeProcessingInitializeOnLoad (97ms)
			ProcessInitializeOnLoadAttributes (789ms)
			ProcessInitializeOnLoadMethodAttributes (31ms)
			AfterProcessingInitializeOnLoad (15ms)
			EditorAssembliesLoaded (0ms)
		ExecutionOrderSort2 (0ms)
		AwakeInstancesAfterBackupRestoration (13ms)
Refreshing native plugins compatible for Editor in 17.41 ms, found 4 plugins.
Preloading 0 native plugins for Editor in 0.00 ms.
Unloading 3150 Unused Serialized files (Serialized files now loaded: 0)
Unloading 14 unused Assets / (28.5 KB). Loaded Objects now: 3889.
Memory consumption went from 125.6 MB to 125.5 MB.
Total: 5.187500 ms (FindLiveObjects: 0.339400 ms CreateObjectMapping: 0.077600 ms MarkObjects: 4.701800 ms  DeleteObjects: 0.067200 ms)

Prepare: number of updated asset objects reloaded= 0
AssetImportParameters requested are different than current active one (requested -> active):
  custom:container-demuxer-ogg: 62fdf1f143b41e24485cea50d1cbac27 -> 
  custom:scripting/monoscript/fileName/GameManager.cs: 9933fbcc6190e2a9171c2ec8808a053e -> 
  custom:video-codec-MediaFoundation-h265: 746d11721c4dcdbdad8f713fa42b33f4 -> 
  custom:video-decoder-ogg-theora: a1e56fd34408186e4bbccfd4996cb3dc -> 
  custom:framework-win-MediaFoundation: 216162199b28c13a410421893ffa2e32 -> 
  custom:CustomObjectIndexerAttribute: 9a22284fe3817be447336de3de66b15e -> 
  custom:container-demuxer-webm: 4f35f7cbe854078d1ac9338744f61a02 -> 
  custom:container-muxer-webm: aa71ff27fc2769a1b78a27578f13a17b -> 
  custom:video-decoder-webm-vp8: 9c59270c3fd7afecdb556c50c9e8de78 -> 
  custom:SearchIndexIgnoredProperties: e643bd26f0fe6173181afceb89e7c659 -> 
  custom:AudioImporter_EditorPlatform: d09bf68614088b80899f8185d706f6e7 -> 
  custom:video-encoder-webm-vp8: eb34c28f22e8b96e1ab97ce403110664 -> 
  custom:audio-decoder-ogg-vorbis: bf7c407c2cedff20999df2af8eb42d56 -> 
  custom:audio-encoder-webm-vorbis: bf7c407c2cedff20999df2af8eb42d56 -> 
  custom:scripting/monoscript/fileName/SceneChanger.cs: 4bb94d70706032f4bd969ba3ab0024bf -> 
  custom:scripting/precompiled-assembly-types:Assembly-CSharp: 0af7c0c811f5b10647697694ccb5251a -> 0950573ccc79f0d8dd275579e87e265a
========================================================================
Received Prepare
Caller must complete domain reload
Begin MonoManager ReloadAssembly
- Loaded All Assemblies, in  0.904 seconds
Native extension for WindowsStandalone target not found
Native extension for Android target not found
Mono: successfully reloaded assembly
- Finished resetting the current domain, in  1.270 seconds
Domain Reload Profiling: 2167ms
	BeginReloadAssembly (289ms)
		ExecutionOrderSort (0ms)
		DisableScriptedObjects (10ms)
		BackupInstance (0ms)
		ReleaseScriptingObjects (0ms)
		CreateAndSetChildDomain (60ms)
	RebuildCommonClasses (54ms)
	RebuildNativeTypeToScriptingClass (18ms)
	initialDomainReloadingComplete (54ms)
	LoadAllAssembliesAndSetupDomain (482ms)
		LoadAssemblies (625ms)
		RebuildTransferFunctionScriptingTraits (0ms)
		AnalyzeDomain (21ms)
			TypeCache.Refresh (7ms)
				TypeCache.ScanAssembly (0ms)
			ScanForSourceGeneratedMonoScriptInfo (6ms)
			ResolveRequiredComponents (5ms)
	FinalizeReload (1271ms)
		ReleaseScriptCaches (0ms)
		RebuildScriptCaches (0ms)
		SetupLoadedEditorAssemblies (595ms)
			LogAssemblyErrors (0ms)
			InitializePlatformSupportModulesInManaged (18ms)
			SetLoadedEditorAssemblies (3ms)
			RefreshPlugins (0ms)
			BeforeProcessingInitializeOnLoad (70ms)
			ProcessInitializeOnLoadAttributes (475ms)
			ProcessInitializeOnLoadMethodAttributes (20ms)
			AfterProcessingInitializeOnLoad (8ms)
			EditorAssembliesLoaded (0ms)
		ExecutionOrderSort2 (0ms)
		AwakeInstancesAfterBackupRestoration (6ms)
Refreshing native plugins compatible for Editor in 10.68 ms, found 4 plugins.
Preloading 0 native plugins for Editor in 0.00 ms.
Unloading 3150 Unused Serialized files (Serialized files now loaded: 0)
Unloading 14 unused Assets / (28.5 KB). Loaded Objects now: 3892.
Memory consumption went from 125.6 MB to 125.5 MB.
Total: 2.970100 ms (FindLiveObjects: 0.199900 ms CreateObjectMapping: 0.047100 ms MarkObjects: 2.685400 ms  DeleteObjects: 0.036900 ms)

Prepare: number of updated asset objects reloaded= 0
AssetImportParameters requested are different than current active one (requested -> active):
  custom:container-demuxer-ogg: 62fdf1f143b41e24485cea50d1cbac27 -> 
  custom:scripting/monoscript/fileName/GameManager.cs: 9933fbcc6190e2a9171c2ec8808a053e -> 
  custom:video-codec-MediaFoundation-h265: 746d11721c4dcdbdad8f713fa42b33f4 -> 
  custom:video-decoder-ogg-theora: a1e56fd34408186e4bbccfd4996cb3dc -> 
  custom:framework-win-MediaFoundation: 216162199b28c13a410421893ffa2e32 -> 
  custom:CustomObjectIndexerAttribute: 9a22284fe3817be447336de3de66b15e -> 
  custom:container-demuxer-webm: 4f35f7cbe854078d1ac9338744f61a02 -> 
  custom:container-muxer-webm: aa71ff27fc2769a1b78a27578f13a17b -> 
  custom:video-decoder-webm-vp8: 9c59270c3fd7afecdb556c50c9e8de78 -> 
  custom:SearchIndexIgnoredProperties: e643bd26f0fe6173181afceb89e7c659 -> 
  custom:AudioImporter_EditorPlatform: d09bf68614088b80899f8185d706f6e7 -> 
  custom:video-encoder-webm-vp8: eb34c28f22e8b96e1ab97ce403110664 -> 
  custom:audio-decoder-ogg-vorbis: bf7c407c2cedff20999df2af8eb42d56 -> 
  custom:audio-encoder-webm-vorbis: bf7c407c2cedff20999df2af8eb42d56 -> 
  custom:scripting/monoscript/fileName/SceneChanger.cs: 4bb94d70706032f4bd969ba3ab0024bf -> 
  custom:scripting/precompiled-assembly-types:Assembly-CSharp: 0af7c0c811f5b10647697694ccb5251a -> 0950573ccc79f0d8dd275579e87e265a
========================================================================
Received Prepare
Caller must complete domain reload
Begin MonoManager ReloadAssembly
- Loaded All Assemblies, in  0.492 seconds
Native extension for WindowsStandalone target not found
Native extension for Android target not found
Mono: successfully reloaded assembly
- Finished resetting the current domain, in  1.508 seconds
Domain Reload Profiling: 1997ms
	BeginReloadAssembly (161ms)
		ExecutionOrderSort (0ms)
		DisableScriptedObjects (5ms)
		BackupInstance (0ms)
		ReleaseScriptingObjects (0ms)
		CreateAndSetChildDomain (38ms)
	RebuildCommonClasses (38ms)
	RebuildNativeTypeToScriptingClass (12ms)
	initialDomainReloadingComplete (35ms)
	LoadAllAssembliesAndSetupDomain (242ms)
		LoadAssemblies (316ms)
		RebuildTransferFunctionScriptingTraits (0ms)
		AnalyzeDomain (12ms)
			TypeCache.Refresh (6ms)
				TypeCache.ScanAssembly (0ms)
			ScanForSourceGeneratedMonoScriptInfo (0ms)
			ResolveRequiredComponents (4ms)
	FinalizeReload (1509ms)
		ReleaseScriptCaches (0ms)
		RebuildScriptCaches (0ms)
		SetupLoadedEditorAssemblies (818ms)
			LogAssemblyErrors (0ms)
			InitializePlatformSupportModulesInManaged (29ms)
			SetLoadedEditorAssemblies (4ms)
			RefreshPlugins (0ms)
			BeforeProcessingInitializeOnLoad (90ms)
			ProcessInitializeOnLoadAttributes (659ms)
			ProcessInitializeOnLoadMethodAttributes (26ms)
			AfterProcessingInitializeOnLoad (11ms)
			EditorAssembliesLoaded (0ms)
		ExecutionOrderSort2 (0ms)
		AwakeInstancesAfterBackupRestoration (9ms)
Refreshing native plugins compatible for Editor in 18.70 ms, found 4 plugins.
Preloading 0 native plugins for Editor in 0.00 ms.
Unloading 3150 Unused Serialized files (Serialized files now loaded: 0)
Unloading 14 unused Assets / (28.5 KB). Loaded Objects now: 3895.
Memory consumption went from 125.6 MB to 125.5 MB.
Total: 4.801500 ms (FindLiveObjects: 0.303900 ms CreateObjectMapping: 0.057600 ms MarkObjects: 4.387200 ms  DeleteObjects: 0.051400 ms)

Prepare: number of updated asset objects reloaded= 0
AssetImportParameters requested are different than current active one (requested -> active):
  custom:container-demuxer-ogg: 62fdf1f143b41e24485cea50d1cbac27 -> 
  custom:scripting/monoscript/fileName/GameManager.cs: 9933fbcc6190e2a9171c2ec8808a053e -> 
  custom:video-codec-MediaFoundation-h265: 746d11721c4dcdbdad8f713fa42b33f4 -> 
  custom:video-decoder-ogg-theora: a1e56fd34408186e4bbccfd4996cb3dc -> 
  custom:framework-win-MediaFoundation: 216162199b28c13a410421893ffa2e32 -> 
  custom:CustomObjectIndexerAttribute: 9a22284fe3817be447336de3de66b15e -> 
  custom:container-demuxer-webm: 4f35f7cbe854078d1ac9338744f61a02 -> 
  custom:container-muxer-webm: aa71ff27fc2769a1b78a27578f13a17b -> 
  custom:video-decoder-webm-vp8: 9c59270c3fd7afecdb556c50c9e8de78 -> 
  custom:SearchIndexIgnoredProperties: e643bd26f0fe6173181afceb89e7c659 -> 
  custom:AudioImporter_EditorPlatform: d09bf68614088b80899f8185d706f6e7 -> 
  custom:video-encoder-webm-vp8: eb34c28f22e8b96e1ab97ce403110664 -> 
  custom:audio-decoder-ogg-vorbis: bf7c407c2cedff20999df2af8eb42d56 -> 
  custom:audio-encoder-webm-vorbis: bf7c407c2cedff20999df2af8eb42d56 -> 
  custom:scripting/monoscript/fileName/SceneChanger.cs: 4bb94d70706032f4bd969ba3ab0024bf -> 
  custom:scripting/precompiled-assembly-types:Assembly-CSharp: 0af7c0c811f5b10647697694ccb5251a -> 0950573ccc79f0d8dd275579e87e265a
========================================================================
Received Prepare
Caller must complete domain reload
Begin MonoManager ReloadAssembly
- Loaded All Assemblies, in  0.452 seconds
Native extension for WindowsStandalone target not found
Native extension for Android target not found
Mono: successfully reloaded assembly
- Finished resetting the current domain, in  1.367 seconds
Domain Reload Profiling: 1815ms
	BeginReloadAssembly (141ms)
		ExecutionOrderSort (0ms)
		DisableScriptedObjects (4ms)
		BackupInstance (0ms)
		ReleaseScriptingObjects (0ms)
		CreateAndSetChildDomain (27ms)
	RebuildCommonClasses (27ms)
	RebuildNativeTypeToScriptingClass (9ms)
	initialDomainReloadingComplete (31ms)
	LoadAllAssembliesAndSetupDomain (240ms)
		LoadAssemblies (294ms)
		RebuildTransferFunctionScriptingTraits (0ms)
		AnalyzeDomain (26ms)
			TypeCache.Refresh (10ms)
				TypeCache.ScanAssembly (0ms)
			ScanForSourceGeneratedMonoScriptInfo (7ms)
			ResolveRequiredComponents (6ms)
	FinalizeReload (1368ms)
		ReleaseScriptCaches (0ms)
		RebuildScriptCaches (0ms)
		SetupLoadedEditorAssemblies (759ms)
			LogAssemblyErrors (0ms)
			InitializePlatformSupportModulesInManaged (23ms)
			SetLoadedEditorAssemblies (4ms)
			RefreshPlugins (0ms)
			BeforeProcessingInitializeOnLoad (90ms)
			ProcessInitializeOnLoadAttributes (617ms)
			ProcessInitializeOnLoadMethodAttributes (18ms)
			AfterProcessingInitializeOnLoad (7ms)
			EditorAssembliesLoaded (0ms)
		ExecutionOrderSort2 (0ms)
		AwakeInstancesAfterBackupRestoration (7ms)
Refreshing native plugins compatible for Editor in 22.87 ms, found 4 plugins.
Preloading 0 native plugins for Editor in 0.00 ms.
Unloading 3150 Unused Serialized files (Serialized files now loaded: 0)
Unloading 14 unused Assets / (28.6 KB). Loaded Objects now: 3898.
Memory consumption went from 125.6 MB to 125.5 MB.
Total: 3.129700 ms (FindLiveObjects: 0.222400 ms CreateObjectMapping: 0.055600 ms MarkObjects: 2.805100 ms  DeleteObjects: 0.045300 ms)

Prepare: number of updated asset objects reloaded= 0
AssetImportParameters requested are different than current active one (requested -> active):
  custom:container-demuxer-ogg: 62fdf1f143b41e24485cea50d1cbac27 -> 
  custom:scripting/monoscript/fileName/GameManager.cs: 9933fbcc6190e2a9171c2ec8808a053e -> 
  custom:video-codec-MediaFoundation-h265: 746d11721c4dcdbdad8f713fa42b33f4 -> 
  custom:video-decoder-ogg-theora: a1e56fd34408186e4bbccfd4996cb3dc -> 
  custom:framework-win-MediaFoundation: 216162199b28c13a410421893ffa2e32 -> 
  custom:CustomObjectIndexerAttribute: 9a22284fe3817be447336de3de66b15e -> 
  custom:container-demuxer-webm: 4f35f7cbe854078d1ac9338744f61a02 -> 
  custom:container-muxer-webm: aa71ff27fc2769a1b78a27578f13a17b -> 
  custom:video-decoder-webm-vp8: 9c59270c3fd7afecdb556c50c9e8de78 -> 
  custom:SearchIndexIgnoredProperties: e643bd26f0fe6173181afceb89e7c659 -> 
  custom:AudioImporter_EditorPlatform: d09bf68614088b80899f8185d706f6e7 -> 
  custom:video-encoder-webm-vp8: eb34c28f22e8b96e1ab97ce403110664 -> 
  custom:audio-decoder-ogg-vorbis: bf7c407c2cedff20999df2af8eb42d56 -> 
  custom:audio-encoder-webm-vorbis: bf7c407c2cedff20999df2af8eb42d56 -> 
  custom:scripting/monoscript/fileName/SceneChanger.cs: 4bb94d70706032f4bd969ba3ab0024bf -> 
  custom:scripting/precompiled-assembly-types:Assembly-CSharp: 0af7c0c811f5b10647697694ccb5251a -> 0950573ccc79f0d8dd275579e87e265a
========================================================================
Received Prepare
Caller must complete domain reload
Begin MonoManager ReloadAssembly
- Loaded All Assemblies, in  0.486 seconds
Native extension for WindowsStandalone target not found
Native extension for Android target not found
Mono: successfully reloaded assembly
- Finished resetting the current domain, in  1.524 seconds
Domain Reload Profiling: 2007ms
	BeginReloadAssembly (140ms)
		ExecutionOrderSort (0ms)
		DisableScriptedObjects (4ms)
		BackupInstance (0ms)
		ReleaseScriptingObjects (0ms)
		CreateAndSetChildDomain (24ms)
	RebuildCommonClasses (30ms)
	RebuildNativeTypeToScriptingClass (10ms)
	initialDomainReloadingComplete (36ms)
	LoadAllAssembliesAndSetupDomain (267ms)
		LoadAssemblies (337ms)
		RebuildTransferFunctionScriptingTraits (0ms)
		AnalyzeDomain (13ms)
			TypeCache.Refresh (5ms)
				TypeCache.ScanAssembly (0ms)
			ScanForSourceGeneratedMonoScriptInfo (0ms)
			ResolveRequiredComponents (4ms)
	FinalizeReload (1525ms)
		ReleaseScriptCaches (0ms)
		RebuildScriptCaches (0ms)
		SetupLoadedEditorAssemblies (798ms)
			LogAssemblyErrors (0ms)
			InitializePlatformSupportModulesInManaged (26ms)
			SetLoadedEditorAssemblies (4ms)
			RefreshPlugins (0ms)
			BeforeProcessingInitializeOnLoad (82ms)
			ProcessInitializeOnLoadAttributes (651ms)
			ProcessInitializeOnLoadMethodAttributes (24ms)
			AfterProcessingInitializeOnLoad (11ms)
			EditorAssembliesLoaded (0ms)
		ExecutionOrderSort2 (0ms)
		AwakeInstancesAfterBackupRestoration (10ms)
Refreshing native plugins compatible for Editor in 14.44 ms, found 4 plugins.
Preloading 0 native plugins for Editor in 0.00 ms.
Unloading 3150 Unused Serialized files (Serialized files now loaded: 0)
Unloading 14 unused Assets / (28.5 KB). Loaded Objects now: 3901.
Memory consumption went from 125.6 MB to 125.5 MB.
Total: 4.355100 ms (FindLiveObjects: 0.297700 ms CreateObjectMapping: 0.064900 ms MarkObjects: 3.935200 ms  DeleteObjects: 0.055200 ms)

Prepare: number of updated asset objects reloaded= 0
AssetImportParameters requested are different than current active one (requested -> active):
  custom:container-demuxer-ogg: 62fdf1f143b41e24485cea50d1cbac27 -> 
  custom:scripting/monoscript/fileName/GameManager.cs: 9933fbcc6190e2a9171c2ec8808a053e -> 
  custom:video-codec-MediaFoundation-h265: 746d11721c4dcdbdad8f713fa42b33f4 -> 
  custom:video-decoder-ogg-theora: a1e56fd34408186e4bbccfd4996cb3dc -> 
  custom:framework-win-MediaFoundation: 216162199b28c13a410421893ffa2e32 -> 
  custom:CustomObjectIndexerAttribute: 9a22284fe3817be447336de3de66b15e -> 
  custom:container-demuxer-webm: 4f35f7cbe854078d1ac9338744f61a02 -> 
  custom:container-muxer-webm: aa71ff27fc2769a1b78a27578f13a17b -> 
  custom:video-decoder-webm-vp8: 9c59270c3fd7afecdb556c50c9e8de78 -> 
  custom:SearchIndexIgnoredProperties: e643bd26f0fe6173181afceb89e7c659 -> 
  custom:AudioImporter_EditorPlatform: d09bf68614088b80899f8185d706f6e7 -> 
  custom:video-encoder-webm-vp8: eb34c28f22e8b96e1ab97ce403110664 -> 
  custom:audio-decoder-ogg-vorbis: bf7c407c2cedff20999df2af8eb42d56 -> 
  custom:audio-encoder-webm-vorbis: bf7c407c2cedff20999df2af8eb42d56 -> 
  custom:scripting/monoscript/fileName/SceneChanger.cs: 4bb94d70706032f4bd969ba3ab0024bf -> 
  custom:scripting/precompiled-assembly-types:Assembly-CSharp: 0af7c0c811f5b10647697694ccb5251a -> 0950573ccc79f0d8dd275579e87e265a
========================================================================
Received Import Request.
  Time since last request: 403.048529 seconds.
  path: Assets/Prefabs/penguin_slide_01.prefab
  artifactKey: Guid(1d32cfa9be657254481e1a2944f5fd83) Importer(815301076,1909f56bfc062723c751e8b465ee728b)
Start importing Assets/Prefabs/penguin_slide_01.prefab using Guid(1d32cfa9be657254481e1a2944f5fd83) Importer(815301076,1909f56bfc062723c751e8b465ee728b) [PhysX] Initialized MultithreadedTaskDispatcher with 18 workers.
[PhysX] Initialized MultithreadedTaskDispatcher with 18 workers.
 -> (artifact id: 'e3fcb7f3f3f80a974b18eb787aa06229') in 0.082681 seconds
Number of updated asset objects reloaded before import = 0
Number of asset objects unloaded after import = 9
========================================================================
Received Import Request.
  Time since last request: 1.661444 seconds.
  path: Assets/Prefabs/penguin_slide_01.prefab
  artifactKey: Guid(1d32cfa9be657254481e1a2944f5fd83) Importer(815301076,1909f56bfc062723c751e8b465ee728b)
Start importing Assets/Prefabs/penguin_slide_01.prefab using Guid(1d32cfa9be657254481e1a2944f5fd83) Importer(815301076,1909f56bfc062723c751e8b465ee728b) [PhysX] Initialized MultithreadedTaskDispatcher with 18 workers.
[PhysX] Initialized MultithreadedTaskDispatcher with 18 workers.
 -> (artifact id: 'fc881a5396209f2f7c9c7ffac4f1c61a') in 0.012936 seconds
Number of updated asset objects reloaded before import = 0
Number of asset objects unloaded after import = 9
========================================================================
Received Import Request.
  Time since last request: 2.408776 seconds.
  path: Assets/Prefabs/penguin_slide_01.prefab
  artifactKey: Guid(1d32cfa9be657254481e1a2944f5fd83) Importer(815301076,1909f56bfc062723c751e8b465ee728b)
Start importing Assets/Prefabs/penguin_slide_01.prefab using Guid(1d32cfa9be657254481e1a2944f5fd83) Importer(815301076,1909f56bfc062723c751e8b465ee728b) [PhysX] Initialized MultithreadedTaskDispatcher with 18 workers.
[PhysX] Initialized MultithreadedTaskDispatcher with 18 workers.
 -> (artifact id: '04878e7f2c8b3d7739eef79f5f9cf8ba') in 0.013351 seconds
Number of updated asset objects reloaded before import = 0
Number of asset objects unloaded after import = 9
========================================================================
Received Import Request.
  Time since last request: 4.002600 seconds.
  path: Assets/Prefabs/penguin_slide_01.prefab
  artifactKey: Guid(1d32cfa9be657254481e1a2944f5fd83) Importer(815301076,1909f56bfc062723c751e8b465ee728b)
Start importing Assets/Prefabs/penguin_slide_01.prefab using Guid(1d32cfa9be657254481e1a2944f5fd83) Importer(815301076,1909f56bfc062723c751e8b465ee728b) [PhysX] Initialized MultithreadedTaskDispatcher with 18 workers.
[PhysX] Initialized MultithreadedTaskDispatcher with 18 workers.
 -> (artifact id: 'cf2daa07a3c481739228781d50aad47d') in 0.011306 seconds
Number of updated asset objects reloaded before import = 0
Number of asset objects unloaded after import = 9
========================================================================
Received Prepare
Caller must complete domain reload
Begin MonoManager ReloadAssembly
- Loaded All Assemblies, in  0.511 seconds
Native extension for WindowsStandalone target not found
Native extension for Android target not found
Mono: successfully reloaded assembly
- Finished resetting the current domain, in  1.457 seconds
Domain Reload Profiling: 1965ms
	BeginReloadAssembly (144ms)
		ExecutionOrderSort (0ms)
		DisableScriptedObjects (3ms)
		BackupInstance (0ms)
		ReleaseScriptingObjects (0ms)
		CreateAndSetChildDomain (30ms)
	RebuildCommonClasses (34ms)
	RebuildNativeTypeToScriptingClass (9ms)
	initialDomainReloadingComplete (38ms)
	LoadAllAssembliesAndSetupDomain (283ms)
		LoadAssemblies (346ms)
		RebuildTransferFunctionScriptingTraits (0ms)
		AnalyzeDomain (16ms)
			TypeCache.Refresh (6ms)
				TypeCache.ScanAssembly (0ms)
			ScanForSourceGeneratedMonoScriptInfo (0ms)
			ResolveRequiredComponents (7ms)
	FinalizeReload (1458ms)
		ReleaseScriptCaches (0ms)
		RebuildScriptCaches (0ms)
		SetupLoadedEditorAssemblies (796ms)
			LogAssemblyErrors (0ms)
			InitializePlatformSupportModulesInManaged (19ms)
			SetLoadedEditorAssemblies (3ms)
			RefreshPlugins (0ms)
			BeforeProcessingInitializeOnLoad (70ms)
			ProcessInitializeOnLoadAttributes (667ms)
			ProcessInitializeOnLoadMethodAttributes (27ms)
			AfterProcessingInitializeOnLoad (10ms)
			EditorAssembliesLoaded (0ms)
		ExecutionOrderSort2 (0ms)
		AwakeInstancesAfterBackupRestoration (10ms)
Refreshing native plugins compatible for Editor in 16.21 ms, found 4 plugins.
Preloading 0 native plugins for Editor in 0.00 ms.
Unloading 3149 Unused Serialized files (Serialized files now loaded: 0)
Unloading 14 unused Assets / (28.5 KB). Loaded Objects now: 3904.
Memory consumption went from 125.3 MB to 125.3 MB.
Total: 3.813400 ms (FindLiveObjects: 0.309400 ms CreateObjectMapping: 0.072000 ms MarkObjects: 3.369600 ms  DeleteObjects: 0.061200 ms)

Prepare: number of updated asset objects reloaded= 0
AssetImportParameters requested are different than current active one (requested -> active):
  custom:container-demuxer-ogg: 62fdf1f143b41e24485cea50d1cbac27 -> 
  custom:scripting/monoscript/fileName/GameManager.cs: 9933fbcc6190e2a9171c2ec8808a053e -> 
  custom:video-codec-MediaFoundation-h265: 746d11721c4dcdbdad8f713fa42b33f4 -> 
  custom:video-decoder-ogg-theora: a1e56fd34408186e4bbccfd4996cb3dc -> 
  custom:framework-win-MediaFoundation: 216162199b28c13a410421893ffa2e32 -> 
  custom:CustomObjectIndexerAttribute: 9a22284fe3817be447336de3de66b15e -> 
  custom:container-demuxer-webm: 4f35f7cbe854078d1ac9338744f61a02 -> 
  custom:container-muxer-webm: aa71ff27fc2769a1b78a27578f13a17b -> 
  custom:video-decoder-webm-vp8: 9c59270c3fd7afecdb556c50c9e8de78 -> 
  custom:SearchIndexIgnoredProperties: e643bd26f0fe6173181afceb89e7c659 -> 
  custom:AudioImporter_EditorPlatform: d09bf68614088b80899f8185d706f6e7 -> 
  custom:video-encoder-webm-vp8: eb34c28f22e8b96e1ab97ce403110664 -> 
  custom:audio-decoder-ogg-vorbis: bf7c407c2cedff20999df2af8eb42d56 -> 
  custom:audio-encoder-webm-vorbis: bf7c407c2cedff20999df2af8eb42d56 -> 
  custom:scripting/monoscript/fileName/SceneChanger.cs: 4bb94d70706032f4bd969ba3ab0024bf -> 
  custom:scripting/precompiled-assembly-types:Assembly-CSharp: 0af7c0c811f5b10647697694ccb5251a -> 0950573ccc79f0d8dd275579e87e265a
========================================================================
Received Prepare
Caller must complete domain reload
Begin MonoManager ReloadAssembly
- Loaded All Assemblies, in  0.526 seconds
Native extension for WindowsStandalone target not found
Native extension for Android target not found
Mono: successfully reloaded assembly
- Finished resetting the current domain, in  1.505 seconds
Domain Reload Profiling: 2027ms
	BeginReloadAssembly (151ms)
		ExecutionOrderSort (0ms)
		DisableScriptedObjects (4ms)
		BackupInstance (0ms)
		ReleaseScriptingObjects (0ms)
		CreateAndSetChildDomain (25ms)
	RebuildCommonClasses (31ms)
	RebuildNativeTypeToScriptingClass (9ms)
	initialDomainReloadingComplete (38ms)
	LoadAllAssembliesAndSetupDomain (293ms)
		LoadAssemblies (372ms)
		RebuildTransferFunctionScriptingTraits (0ms)
		AnalyzeDomain (13ms)
			TypeCache.Refresh (5ms)
				TypeCache.ScanAssembly (0ms)
			ScanForSourceGeneratedMonoScriptInfo (0ms)
			ResolveRequiredComponents (6ms)
	FinalizeReload (1505ms)
		ReleaseScriptCaches (0ms)
		RebuildScriptCaches (0ms)
		SetupLoadedEditorAssemblies (804ms)
			LogAssemblyErrors (0ms)
			InitializePlatformSupportModulesInManaged (23ms)
			SetLoadedEditorAssemblies (2ms)
			RefreshPlugins (0ms)
			BeforeProcessingInitializeOnLoad (77ms)
			ProcessInitializeOnLoadAttributes (664ms)
			ProcessInitializeOnLoadMethodAttributes (25ms)
			AfterProcessingInitializeOnLoad (12ms)
			EditorAssembliesLoaded (0ms)
		ExecutionOrderSort2 (0ms)
		AwakeInstancesAfterBackupRestoration (11ms)
Refreshing native plugins compatible for Editor in 14.66 ms, found 4 plugins.
Preloading 0 native plugins for Editor in 0.00 ms.
Unloading 3150 Unused Serialized files (Serialized files now loaded: 0)
Unloading 14 unused Assets / (28.5 KB). Loaded Objects now: 3907.
Memory consumption went from 125.5 MB to 125.5 MB.
Total: 3.906600 ms (FindLiveObjects: 0.362600 ms CreateObjectMapping: 0.091200 ms MarkObjects: 3.390800 ms  DeleteObjects: 0.060000 ms)

Prepare: number of updated asset objects reloaded= 0
AssetImportParameters requested are different than current active one (requested -> active):
  custom:container-demuxer-ogg: 62fdf1f143b41e24485cea50d1cbac27 -> 
  custom:scripting/monoscript/fileName/GameManager.cs: 9933fbcc6190e2a9171c2ec8808a053e -> 
  custom:video-codec-MediaFoundation-h265: 746d11721c4dcdbdad8f713fa42b33f4 -> 
  custom:video-decoder-ogg-theora: a1e56fd34408186e4bbccfd4996cb3dc -> 
  custom:framework-win-MediaFoundation: 216162199b28c13a410421893ffa2e32 -> 
  custom:CustomObjectIndexerAttribute: 9a22284fe3817be447336de3de66b15e -> 
  custom:container-demuxer-webm: 4f35f7cbe854078d1ac9338744f61a02 -> 
  custom:container-muxer-webm: aa71ff27fc2769a1b78a27578f13a17b -> 
  custom:video-decoder-webm-vp8: 9c59270c3fd7afecdb556c50c9e8de78 -> 
  custom:SearchIndexIgnoredProperties: e643bd26f0fe6173181afceb89e7c659 -> 
  custom:AudioImporter_EditorPlatform: d09bf68614088b80899f8185d706f6e7 -> 
  custom:video-encoder-webm-vp8: eb34c28f22e8b96e1ab97ce403110664 -> 
  custom:audio-decoder-ogg-vorbis: bf7c407c2cedff20999df2af8eb42d56 -> 
  custom:audio-encoder-webm-vorbis: bf7c407c2cedff20999df2af8eb42d56 -> 
  custom:scripting/monoscript/fileName/SceneChanger.cs: 4bb94d70706032f4bd969ba3ab0024bf -> 
  custom:scripting/precompiled-assembly-types:Assembly-CSharp: 0af7c0c811f5b10647697694ccb5251a -> 0950573ccc79f0d8dd275579e87e265a
========================================================================
Received Prepare
Caller must complete domain reload
Begin MonoManager ReloadAssembly
- Loaded All Assemblies, in  0.484 seconds
Native extension for WindowsStandalone target not found
Native extension for Android target not found
Mono: successfully reloaded assembly
- Finished resetting the current domain, in  1.447 seconds
Domain Reload Profiling: 1928ms
	BeginReloadAssembly (143ms)
		ExecutionOrderSort (0ms)
		DisableScriptedObjects (4ms)
		BackupInstance (0ms)
		ReleaseScriptingObjects (0ms)
		CreateAndSetChildDomain (28ms)
	RebuildCommonClasses (25ms)
	RebuildNativeTypeToScriptingClass (9ms)
	initialDomainReloadingComplete (32ms)
	LoadAllAssembliesAndSetupDomain (271ms)
		LoadAssemblies (331ms)
		RebuildTransferFunctionScriptingTraits (0ms)
		AnalyzeDomain (20ms)
			TypeCache.Refresh (9ms)
				TypeCache.ScanAssembly (0ms)
			ScanForSourceGeneratedMonoScriptInfo (0ms)
			ResolveRequiredComponents (9ms)
	FinalizeReload (1448ms)
		ReleaseScriptCaches (0ms)
		RebuildScriptCaches (0ms)
		SetupLoadedEditorAssemblies (850ms)
			LogAssemblyErrors (0ms)
			InitializePlatformSupportModulesInManaged (22ms)
			SetLoadedEditorAssemblies (2ms)
			RefreshPlugins (0ms)
			BeforeProcessingInitializeOnLoad (67ms)
			ProcessInitializeOnLoadAttributes (723ms)
			ProcessInitializeOnLoadMethodAttributes (25ms)
			AfterProcessingInitializeOnLoad (10ms)
			EditorAssembliesLoaded (0ms)
		ExecutionOrderSort2 (0ms)
		AwakeInstancesAfterBackupRestoration (9ms)
Refreshing native plugins compatible for Editor in 16.56 ms, found 4 plugins.
Preloading 0 native plugins for Editor in 0.00 ms.
Unloading 3150 Unused Serialized files (Serialized files now loaded: 0)
Unloading 14 unused Assets / (28.5 KB). Loaded Objects now: 3910.
Memory consumption went from 125.6 MB to 125.5 MB.
Total: 4.652600 ms (FindLiveObjects: 0.276000 ms CreateObjectMapping: 0.116400 ms MarkObjects: 4.113800 ms  DeleteObjects: 0.145100 ms)

Prepare: number of updated asset objects reloaded= 0
AssetImportParameters requested are different than current active one (requested -> active):
  custom:container-demuxer-ogg: 62fdf1f143b41e24485cea50d1cbac27 -> 
  custom:scripting/monoscript/fileName/GameManager.cs: 9933fbcc6190e2a9171c2ec8808a053e -> 
  custom:video-codec-MediaFoundation-h265: 746d11721c4dcdbdad8f713fa42b33f4 -> 
  custom:video-decoder-ogg-theora: a1e56fd34408186e4bbccfd4996cb3dc -> 
  custom:framework-win-MediaFoundation: 216162199b28c13a410421893ffa2e32 -> 
  custom:CustomObjectIndexerAttribute: 9a22284fe3817be447336de3de66b15e -> 
  custom:container-demuxer-webm: 4f35f7cbe854078d1ac9338744f61a02 -> 
  custom:container-muxer-webm: aa71ff27fc2769a1b78a27578f13a17b -> 
  custom:video-decoder-webm-vp8: 9c59270c3fd7afecdb556c50c9e8de78 -> 
  custom:SearchIndexIgnoredProperties: e643bd26f0fe6173181afceb89e7c659 -> 
  custom:AudioImporter_EditorPlatform: d09bf68614088b80899f8185d706f6e7 -> 
  custom:video-encoder-webm-vp8: eb34c28f22e8b96e1ab97ce403110664 -> 
  custom:audio-decoder-ogg-vorbis: bf7c407c2cedff20999df2af8eb42d56 -> 
  custom:audio-encoder-webm-vorbis: bf7c407c2cedff20999df2af8eb42d56 -> 
  custom:scripting/monoscript/fileName/SceneChanger.cs: 4bb94d70706032f4bd969ba3ab0024bf -> 
  custom:scripting/precompiled-assembly-types:Assembly-CSharp: 0af7c0c811f5b10647697694ccb5251a -> 0950573ccc79f0d8dd275579e87e265a
========================================================================
Received Prepare
Caller must complete domain reload
Begin MonoManager ReloadAssembly
- Loaded All Assemblies, in  0.773 seconds
Native extension for WindowsStandalone target not found
Native extension for Android target not found
Mono: successfully reloaded assembly
- Finished resetting the current domain, in  1.175 seconds
Domain Reload Profiling: 1940ms
	BeginReloadAssembly (286ms)
		ExecutionOrderSort (0ms)
		DisableScriptedObjects (9ms)
		BackupInstance (0ms)
		ReleaseScriptingObjects (0ms)
		CreateAndSetChildDomain (67ms)
	RebuildCommonClasses (59ms)
	RebuildNativeTypeToScriptingClass (19ms)
	initialDomainReloadingComplete (64ms)
	LoadAllAssembliesAndSetupDomain (337ms)
		LoadAssemblies (473ms)
		RebuildTransferFunctionScriptingTraits (0ms)
		AnalyzeDomain (20ms)
			TypeCache.Refresh (7ms)
				TypeCache.ScanAssembly (0ms)
			ScanForSourceGeneratedMonoScriptInfo (6ms)
			ResolveRequiredComponents (6ms)
	FinalizeReload (1176ms)
		ReleaseScriptCaches (0ms)
		RebuildScriptCaches (0ms)
		SetupLoadedEditorAssemblies (596ms)
			LogAssemblyErrors (0ms)
			InitializePlatformSupportModulesInManaged (19ms)
			SetLoadedEditorAssemblies (4ms)
			RefreshPlugins (0ms)
			BeforeProcessingInitializeOnLoad (62ms)
			ProcessInitializeOnLoadAttributes (483ms)
			ProcessInitializeOnLoadMethodAttributes (18ms)
			AfterProcessingInitializeOnLoad (10ms)
			EditorAssembliesLoaded (0ms)
		ExecutionOrderSort2 (0ms)
		AwakeInstancesAfterBackupRestoration (7ms)
Refreshing native plugins compatible for Editor in 15.91 ms, found 4 plugins.
Preloading 0 native plugins for Editor in 0.00 ms.
Unloading 3150 Unused Serialized files (Serialized files now loaded: 0)
Unloading 14 unused Assets / (28.5 KB). Loaded Objects now: 3913.
Memory consumption went from 125.6 MB to 125.5 MB.
Total: 2.698800 ms (FindLiveObjects: 0.243100 ms CreateObjectMapping: 0.065400 ms MarkObjects: 2.352200 ms  DeleteObjects: 0.037300 ms)

Prepare: number of updated asset objects reloaded= 0
AssetImportParameters requested are different than current active one (requested -> active):
  custom:container-demuxer-ogg: 62fdf1f143b41e24485cea50d1cbac27 -> 
  custom:scripting/monoscript/fileName/GameManager.cs: 9933fbcc6190e2a9171c2ec8808a053e -> 
  custom:video-codec-MediaFoundation-h265: 746d11721c4dcdbdad8f713fa42b33f4 -> 
  custom:video-decoder-ogg-theora: a1e56fd34408186e4bbccfd4996cb3dc -> 
  custom:framework-win-MediaFoundation: 216162199b28c13a410421893ffa2e32 -> 
  custom:CustomObjectIndexerAttribute: 9a22284fe3817be447336de3de66b15e -> 
  custom:container-demuxer-webm: 4f35f7cbe854078d1ac9338744f61a02 -> 
  custom:container-muxer-webm: aa71ff27fc2769a1b78a27578f13a17b -> 
  custom:video-decoder-webm-vp8: 9c59270c3fd7afecdb556c50c9e8de78 -> 
  custom:SearchIndexIgnoredProperties: e643bd26f0fe6173181afceb89e7c659 -> 
  custom:AudioImporter_EditorPlatform: d09bf68614088b80899f8185d706f6e7 -> 
  custom:video-encoder-webm-vp8: eb34c28f22e8b96e1ab97ce403110664 -> 
  custom:audio-decoder-ogg-vorbis: bf7c407c2cedff20999df2af8eb42d56 -> 
  custom:audio-encoder-webm-vorbis: bf7c407c2cedff20999df2af8eb42d56 -> 
  custom:scripting/monoscript/fileName/SceneChanger.cs: 4bb94d70706032f4bd969ba3ab0024bf -> 
  custom:scripting/precompiled-assembly-types:Assembly-CSharp: 0af7c0c811f5b10647697694ccb5251a -> 0950573ccc79f0d8dd275579e87e265a
========================================================================
Received Prepare
Caller must complete domain reload
Begin MonoManager ReloadAssembly
- Loaded All Assemblies, in  0.489 seconds
Native extension for WindowsStandalone target not found
Native extension for Android target not found
Mono: successfully reloaded assembly
- Finished resetting the current domain, in  1.600 seconds
Domain Reload Profiling: 2086ms
	BeginReloadAssembly (167ms)
		ExecutionOrderSort (0ms)
		DisableScriptedObjects (5ms)
		BackupInstance (0ms)
		ReleaseScriptingObjects (0ms)
		CreateAndSetChildDomain (25ms)
	RebuildCommonClasses (34ms)
	RebuildNativeTypeToScriptingClass (12ms)
	initialDomainReloadingComplete (34ms)
	LoadAllAssembliesAndSetupDomain (238ms)
		LoadAssemblies (328ms)
		RebuildTransferFunctionScriptingTraits (0ms)
		AnalyzeDomain (15ms)
			TypeCache.Refresh (6ms)
				TypeCache.ScanAssembly (0ms)
			ScanForSourceGeneratedMonoScriptInfo (0ms)
			ResolveRequiredComponents (6ms)
	FinalizeReload (1601ms)
		ReleaseScriptCaches (0ms)
		RebuildScriptCaches (0ms)
		SetupLoadedEditorAssemblies (795ms)
			LogAssemblyErrors (0ms)
			InitializePlatformSupportModulesInManaged (28ms)
			SetLoadedEditorAssemblies (5ms)
			RefreshPlugins (0ms)
			BeforeProcessingInitializeOnLoad (85ms)
			ProcessInitializeOnLoadAttributes (641ms)
			ProcessInitializeOnLoadMethodAttributes (24ms)
			AfterProcessingInitializeOnLoad (12ms)
			EditorAssembliesLoaded (0ms)
		ExecutionOrderSort2 (0ms)
		AwakeInstancesAfterBackupRestoration (9ms)
Refreshing native plugins compatible for Editor in 13.56 ms, found 4 plugins.
Preloading 0 native plugins for Editor in 0.00 ms.
Unloading 3150 Unused Serialized files (Serialized files now loaded: 0)
Unloading 14 unused Assets / (28.6 KB). Loaded Objects now: 3916.
Memory consumption went from 125.6 MB to 125.5 MB.
Total: 3.794100 ms (FindLiveObjects: 0.359900 ms CreateObjectMapping: 0.085600 ms MarkObjects: 3.292900 ms  DeleteObjects: 0.054200 ms)

Prepare: number of updated asset objects reloaded= 0
AssetImportParameters requested are different than current active one (requested -> active):
  custom:container-demuxer-ogg: 62fdf1f143b41e24485cea50d1cbac27 -> 
  custom:scripting/monoscript/fileName/GameManager.cs: 9933fbcc6190e2a9171c2ec8808a053e -> 
  custom:video-codec-MediaFoundation-h265: 746d11721c4dcdbdad8f713fa42b33f4 -> 
  custom:video-decoder-ogg-theora: a1e56fd34408186e4bbccfd4996cb3dc -> 
  custom:framework-win-MediaFoundation: 216162199b28c13a410421893ffa2e32 -> 
  custom:CustomObjectIndexerAttribute: 9a22284fe3817be447336de3de66b15e -> 
  custom:container-demuxer-webm: 4f35f7cbe854078d1ac9338744f61a02 -> 
  custom:container-muxer-webm: aa71ff27fc2769a1b78a27578f13a17b -> 
  custom:video-decoder-webm-vp8: 9c59270c3fd7afecdb556c50c9e8de78 -> 
  custom:SearchIndexIgnoredProperties: e643bd26f0fe6173181afceb89e7c659 -> 
  custom:AudioImporter_EditorPlatform: d09bf68614088b80899f8185d706f6e7 -> 
  custom:video-encoder-webm-vp8: eb34c28f22e8b96e1ab97ce403110664 -> 
  custom:audio-decoder-ogg-vorbis: bf7c407c2cedff20999df2af8eb42d56 -> 
  custom:audio-encoder-webm-vorbis: bf7c407c2cedff20999df2af8eb42d56 -> 
  custom:scripting/monoscript/fileName/SceneChanger.cs: 4bb94d70706032f4bd969ba3ab0024bf -> 
  custom:scripting/precompiled-assembly-types:Assembly-CSharp: 0af7c0c811f5b10647697694ccb5251a -> 0950573ccc79f0d8dd275579e87e265a
========================================================================
Received Prepare
Caller must complete domain reload
Begin MonoManager ReloadAssembly
- Loaded All Assemblies, in  0.505 seconds
Native extension for WindowsStandalone target not found
Native extension for Android target not found
Mono: successfully reloaded assembly
- Finished resetting the current domain, in  1.571 seconds
Domain Reload Profiling: 2074ms
	BeginReloadAssembly (165ms)
		ExecutionOrderSort (0ms)
		DisableScriptedObjects (5ms)
		BackupInstance (0ms)
		ReleaseScriptingObjects (0ms)
		CreateAndSetChildDomain (33ms)
	RebuildCommonClasses (36ms)
	RebuildNativeTypeToScriptingClass (12ms)
	initialDomainReloadingComplete (41ms)
	LoadAllAssembliesAndSetupDomain (248ms)
		LoadAssemblies (328ms)
		RebuildTransferFunctionScriptingTraits (0ms)
		AnalyzeDomain (14ms)
			TypeCache.Refresh (5ms)
				TypeCache.ScanAssembly (0ms)
			ScanForSourceGeneratedMonoScriptInfo (0ms)
			ResolveRequiredComponents (5ms)
	FinalizeReload (1572ms)
		ReleaseScriptCaches (0ms)
		RebuildScriptCaches (0ms)
		SetupLoadedEditorAssemblies (918ms)
			LogAssemblyErrors (0ms)
			InitializePlatformSupportModulesInManaged (21ms)
			SetLoadedEditorAssemblies (3ms)
			RefreshPlugins (0ms)
			BeforeProcessingInitializeOnLoad (69ms)
			ProcessInitializeOnLoadAttributes (773ms)
			ProcessInitializeOnLoadMethodAttributes (36ms)
			AfterProcessingInitializeOnLoad (16ms)
			EditorAssembliesLoaded (0ms)
		ExecutionOrderSort2 (0ms)
		AwakeInstancesAfterBackupRestoration (13ms)
Refreshing native plugins compatible for Editor in 17.69 ms, found 4 plugins.
Preloading 0 native plugins for Editor in 0.00 ms.
Unloading 3150 Unused Serialized files (Serialized files now loaded: 0)
Unloading 14 unused Assets / (28.7 KB). Loaded Objects now: 3919.
Memory consumption went from 125.6 MB to 125.5 MB.
Total: 4.527900 ms (FindLiveObjects: 0.476700 ms CreateObjectMapping: 0.164400 ms MarkObjects: 3.833500 ms  DeleteObjects: 0.052000 ms)

Prepare: number of updated asset objects reloaded= 0
AssetImportParameters requested are different than current active one (requested -> active):
  custom:container-demuxer-ogg: 62fdf1f143b41e24485cea50d1cbac27 -> 
  custom:scripting/monoscript/fileName/GameManager.cs: 9933fbcc6190e2a9171c2ec8808a053e -> 
  custom:video-codec-MediaFoundation-h265: 746d11721c4dcdbdad8f713fa42b33f4 -> 
  custom:video-decoder-ogg-theora: a1e56fd34408186e4bbccfd4996cb3dc -> 
  custom:framework-win-MediaFoundation: 216162199b28c13a410421893ffa2e32 -> 
  custom:CustomObjectIndexerAttribute: 9a22284fe3817be447336de3de66b15e -> 
  custom:container-demuxer-webm: 4f35f7cbe854078d1ac9338744f61a02 -> 
  custom:container-muxer-webm: aa71ff27fc2769a1b78a27578f13a17b -> 
  custom:video-decoder-webm-vp8: 9c59270c3fd7afecdb556c50c9e8de78 -> 
  custom:SearchIndexIgnoredProperties: e643bd26f0fe6173181afceb89e7c659 -> 
  custom:AudioImporter_EditorPlatform: d09bf68614088b80899f8185d706f6e7 -> 
  custom:video-encoder-webm-vp8: eb34c28f22e8b96e1ab97ce403110664 -> 
  custom:audio-decoder-ogg-vorbis: bf7c407c2cedff20999df2af8eb42d56 -> 
  custom:audio-encoder-webm-vorbis: bf7c407c2cedff20999df2af8eb42d56 -> 
  custom:scripting/monoscript/fileName/SceneChanger.cs: 4bb94d70706032f4bd969ba3ab0024bf -> 
  custom:scripting/precompiled-assembly-types:Assembly-CSharp: 0af7c0c811f5b10647697694ccb5251a -> 0950573ccc79f0d8dd275579e87e265a
========================================================================
Received Prepare
Caller must complete domain reload
Begin MonoManager ReloadAssembly
- Loaded All Assemblies, in  0.815 seconds
Native extension for WindowsStandalone target not found
Native extension for Android target not found
Mono: successfully reloaded assembly
- Finished resetting the current domain, in  1.547 seconds
Domain Reload Profiling: 2355ms
	BeginReloadAssembly (247ms)
		ExecutionOrderSort (0ms)
		DisableScriptedObjects (6ms)
		BackupInstance (0ms)
		ReleaseScriptingObjects (0ms)
		CreateAndSetChildDomain (45ms)
	RebuildCommonClasses (43ms)
	RebuildNativeTypeToScriptingClass (19ms)
	initialDomainReloadingComplete (54ms)
	LoadAllAssembliesAndSetupDomain (445ms)
		LoadAssemblies (548ms)
		RebuildTransferFunctionScriptingTraits (0ms)
		AnalyzeDomain (40ms)
			TypeCache.Refresh (16ms)
				TypeCache.ScanAssembly (0ms)
			ScanForSourceGeneratedMonoScriptInfo (11ms)
			ResolveRequiredComponents (10ms)
	FinalizeReload (1548ms)
		ReleaseScriptCaches (0ms)
		RebuildScriptCaches (0ms)
		SetupLoadedEditorAssemblies (688ms)
			LogAssemblyErrors (0ms)
			InitializePlatformSupportModulesInManaged (23ms)
			SetLoadedEditorAssemblies (3ms)
			RefreshPlugins (0ms)
			BeforeProcessingInitializeOnLoad (73ms)
			ProcessInitializeOnLoadAttributes (545ms)
			ProcessInitializeOnLoadMethodAttributes (27ms)
			AfterProcessingInitializeOnLoad (16ms)
			EditorAssembliesLoaded (0ms)
		ExecutionOrderSort2 (0ms)
		AwakeInstancesAfterBackupRestoration (13ms)
Refreshing native plugins compatible for Editor in 11.53 ms, found 4 plugins.
Preloading 0 native plugins for Editor in 0.00 ms.
Unloading 3150 Unused Serialized files (Serialized files now loaded: 0)
Unloading 14 unused Assets / (28.6 KB). Loaded Objects now: 3922.
Memory consumption went from 125.6 MB to 125.5 MB.
Total: 5.953600 ms (FindLiveObjects: 0.291300 ms CreateObjectMapping: 0.060100 ms MarkObjects: 5.547700 ms  DeleteObjects: 0.052400 ms)

Prepare: number of updated asset objects reloaded= 0
AssetImportParameters requested are different than current active one (requested -> active):
  custom:container-demuxer-ogg: 62fdf1f143b41e24485cea50d1cbac27 -> 
  custom:scripting/monoscript/fileName/GameManager.cs: 9933fbcc6190e2a9171c2ec8808a053e -> 
  custom:video-codec-MediaFoundation-h265: 746d11721c4dcdbdad8f713fa42b33f4 -> 
  custom:video-decoder-ogg-theora: a1e56fd34408186e4bbccfd4996cb3dc -> 
  custom:framework-win-MediaFoundation: 216162199b28c13a410421893ffa2e32 -> 
  custom:CustomObjectIndexerAttribute: 9a22284fe3817be447336de3de66b15e -> 
  custom:container-demuxer-webm: 4f35f7cbe854078d1ac9338744f61a02 -> 
  custom:container-muxer-webm: aa71ff27fc2769a1b78a27578f13a17b -> 
  custom:video-decoder-webm-vp8: 9c59270c3fd7afecdb556c50c9e8de78 -> 
  custom:SearchIndexIgnoredProperties: e643bd26f0fe6173181afceb89e7c659 -> 
  custom:AudioImporter_EditorPlatform: d09bf68614088b80899f8185d706f6e7 -> 
  custom:video-encoder-webm-vp8: eb34c28f22e8b96e1ab97ce403110664 -> 
  custom:audio-decoder-ogg-vorbis: bf7c407c2cedff20999df2af8eb42d56 -> 
  custom:audio-encoder-webm-vorbis: bf7c407c2cedff20999df2af8eb42d56 -> 
  custom:scripting/monoscript/fileName/SceneChanger.cs: 4bb94d70706032f4bd969ba3ab0024bf -> 
  custom:scripting/precompiled-assembly-types:Assembly-CSharp: 0af7c0c811f5b10647697694ccb5251a -> 0950573ccc79f0d8dd275579e87e265a
========================================================================
Received Import Request.
  Time since last request: 573.709243 seconds.
  path: Assets/Prefabs/penguin_atack_02.prefab
  artifactKey: Guid(d7b246ba9523dd5419bb5a55790da226) Importer(815301076,1909f56bfc062723c751e8b465ee728b)
Start importing Assets/Prefabs/penguin_atack_02.prefab using Guid(d7b246ba9523dd5419bb5a55790da226) Importer(815301076,1909f56bfc062723c751e8b465ee728b) [PhysX] Initialized MultithreadedTaskDispatcher with 18 workers.
[PhysX] Initialized MultithreadedTaskDispatcher with 18 workers.
 -> (artifact id: 'eff5e7ad2a2d653ac23dd9761f4a142e') in 0.082318 seconds
Number of updated asset objects reloaded before import = 0
Number of asset objects unloaded after import = 18
========================================================================
Received Prepare
Caller must complete domain reload
Begin MonoManager ReloadAssembly
- Loaded All Assemblies, in  0.958 seconds
Native extension for WindowsStandalone target not found
Native extension for Android target not found
Mono: successfully reloaded assembly
- Finished resetting the current domain, in  1.299 seconds
Domain Reload Profiling: 2251ms
	BeginReloadAssembly (409ms)
		ExecutionOrderSort (0ms)
		DisableScriptedObjects (136ms)
		BackupInstance (0ms)
		ReleaseScriptingObjects (0ms)
		CreateAndSetChildDomain (60ms)
	RebuildCommonClasses (55ms)
	RebuildNativeTypeToScriptingClass (18ms)
	initialDomainReloadingComplete (60ms)
	LoadAllAssembliesAndSetupDomain (409ms)
		LoadAssemblies (538ms)
		RebuildTransferFunctionScriptingTraits (0ms)
		AnalyzeDomain (33ms)
			TypeCache.Refresh (13ms)
				TypeCache.ScanAssembly (0ms)
			ScanForSourceGeneratedMonoScriptInfo (10ms)
			ResolveRequiredComponents (7ms)
	FinalizeReload (1300ms)
		ReleaseScriptCaches (0ms)
		RebuildScriptCaches (0ms)
		SetupLoadedEditorAssemblies (634ms)
			LogAssemblyErrors (0ms)
			InitializePlatformSupportModulesInManaged (26ms)
			SetLoadedEditorAssemblies (4ms)
			RefreshPlugins (0ms)
			BeforeProcessingInitializeOnLoad (67ms)
			ProcessInitializeOnLoadAttributes (515ms)
			ProcessInitializeOnLoadMethodAttributes (16ms)
			AfterProcessingInitializeOnLoad (6ms)
			EditorAssembliesLoaded (0ms)
		ExecutionOrderSort2 (0ms)
		AwakeInstancesAfterBackupRestoration (6ms)
Refreshing native plugins compatible for Editor in 11.60 ms, found 4 plugins.
Preloading 0 native plugins for Editor in 0.00 ms.
Unloading 3149 Unused Serialized files (Serialized files now loaded: 0)
Unloading 14 unused Assets / (28.6 KB). Loaded Objects now: 3925.
Memory consumption went from 125.3 MB to 125.3 MB.
Total: 4.395800 ms (FindLiveObjects: 0.214200 ms CreateObjectMapping: 0.049300 ms MarkObjects: 4.069600 ms  DeleteObjects: 0.061400 ms)

Prepare: number of updated asset objects reloaded= 0
AssetImportParameters requested are different than current active one (requested -> active):
  custom:container-demuxer-ogg: 62fdf1f143b41e24485cea50d1cbac27 -> 
  custom:scripting/monoscript/fileName/GameManager.cs: 9933fbcc6190e2a9171c2ec8808a053e -> 
  custom:video-codec-MediaFoundation-h265: 746d11721c4dcdbdad8f713fa42b33f4 -> 
  custom:video-decoder-ogg-theora: a1e56fd34408186e4bbccfd4996cb3dc -> 
  custom:framework-win-MediaFoundation: 216162199b28c13a410421893ffa2e32 -> 
  custom:CustomObjectIndexerAttribute: 9a22284fe3817be447336de3de66b15e -> 
  custom:container-demuxer-webm: 4f35f7cbe854078d1ac9338744f61a02 -> 
  custom:container-muxer-webm: aa71ff27fc2769a1b78a27578f13a17b -> 
  custom:video-decoder-webm-vp8: 9c59270c3fd7afecdb556c50c9e8de78 -> 
  custom:SearchIndexIgnoredProperties: e643bd26f0fe6173181afceb89e7c659 -> 
  custom:AudioImporter_EditorPlatform: d09bf68614088b80899f8185d706f6e7 -> 
  custom:video-encoder-webm-vp8: eb34c28f22e8b96e1ab97ce403110664 -> 
  custom:audio-decoder-ogg-vorbis: bf7c407c2cedff20999df2af8eb42d56 -> 
  custom:audio-encoder-webm-vorbis: bf7c407c2cedff20999df2af8eb42d56 -> 
  custom:scripting/monoscript/fileName/SceneChanger.cs: 4bb94d70706032f4bd969ba3ab0024bf -> 
  custom:scripting/precompiled-assembly-types:Assembly-CSharp: 0af7c0c811f5b10647697694ccb5251a -> 0950573ccc79f0d8dd275579e87e265a
========================================================================
Received Prepare
Caller must complete domain reload
Begin MonoManager ReloadAssembly
- Loaded All Assemblies, in  0.468 seconds
Native extension for WindowsStandalone target not found
Native extension for Android target not found
Mono: successfully reloaded assembly
- Finished resetting the current domain, in  1.402 seconds
Domain Reload Profiling: 1864ms
	BeginReloadAssembly (151ms)
		ExecutionOrderSort (0ms)
		DisableScriptedObjects (4ms)
		BackupInstance (0ms)
		ReleaseScriptingObjects (0ms)
		CreateAndSetChildDomain (24ms)
	RebuildCommonClasses (33ms)
	RebuildNativeTypeToScriptingClass (10ms)
	initialDomainReloadingComplete (33ms)
	LoadAllAssembliesAndSetupDomain (235ms)
		LoadAssemblies (308ms)
		RebuildTransferFunctionScriptingTraits (0ms)
		AnalyzeDomain (19ms)
			TypeCache.Refresh (8ms)
				TypeCache.ScanAssembly (0ms)
			ScanForSourceGeneratedMonoScriptInfo (0ms)
			ResolveRequiredComponents (8ms)
	FinalizeReload (1402ms)
		ReleaseScriptCaches (0ms)
		RebuildScriptCaches (0ms)
		SetupLoadedEditorAssemblies (742ms)
			LogAssemblyErrors (0ms)
			InitializePlatformSupportModulesInManaged (28ms)
			SetLoadedEditorAssemblies (4ms)
			RefreshPlugins (0ms)
			BeforeProcessingInitializeOnLoad (77ms)
			ProcessInitializeOnLoadAttributes (599ms)
			ProcessInitializeOnLoadMethodAttributes (25ms)
			AfterProcessingInitializeOnLoad (11ms)
			EditorAssembliesLoaded (0ms)
		ExecutionOrderSort2 (0ms)
		AwakeInstancesAfterBackupRestoration (11ms)
Refreshing native plugins compatible for Editor in 13.35 ms, found 4 plugins.
Preloading 0 native plugins for Editor in 0.00 ms.
Unloading 3150 Unused Serialized files (Serialized files now loaded: 0)
Unloading 14 unused Assets / (28.6 KB). Loaded Objects now: 3928.
Memory consumption went from 125.6 MB to 125.5 MB.
Total: 3.488100 ms (FindLiveObjects: 0.330100 ms CreateObjectMapping: 0.067400 ms MarkObjects: 3.025600 ms  DeleteObjects: 0.063600 ms)

Prepare: number of updated asset objects reloaded= 0
AssetImportParameters requested are different than current active one (requested -> active):
  custom:container-demuxer-ogg: 62fdf1f143b41e24485cea50d1cbac27 -> 
  custom:scripting/monoscript/fileName/GameManager.cs: 9933fbcc6190e2a9171c2ec8808a053e -> 
  custom:video-codec-MediaFoundation-h265: 746d11721c4dcdbdad8f713fa42b33f4 -> 
  custom:video-decoder-ogg-theora: a1e56fd34408186e4bbccfd4996cb3dc -> 
  custom:framework-win-MediaFoundation: 216162199b28c13a410421893ffa2e32 -> 
  custom:CustomObjectIndexerAttribute: 9a22284fe3817be447336de3de66b15e -> 
  custom:container-demuxer-webm: 4f35f7cbe854078d1ac9338744f61a02 -> 
  custom:container-muxer-webm: aa71ff27fc2769a1b78a27578f13a17b -> 
  custom:video-decoder-webm-vp8: 9c59270c3fd7afecdb556c50c9e8de78 -> 
  custom:SearchIndexIgnoredProperties: e643bd26f0fe6173181afceb89e7c659 -> 
  custom:AudioImporter_EditorPlatform: d09bf68614088b80899f8185d706f6e7 -> 
  custom:video-encoder-webm-vp8: eb34c28f22e8b96e1ab97ce403110664 -> 
  custom:audio-decoder-ogg-vorbis: bf7c407c2cedff20999df2af8eb42d56 -> 
  custom:audio-encoder-webm-vorbis: bf7c407c2cedff20999df2af8eb42d56 -> 
  custom:scripting/monoscript/fileName/SceneChanger.cs: 4bb94d70706032f4bd969ba3ab0024bf -> 
  custom:scripting/precompiled-assembly-types:Assembly-CSharp: 0af7c0c811f5b10647697694ccb5251a -> 0950573ccc79f0d8dd275579e87e265a
========================================================================
Received Import Request.
  Time since last request: 63.784670 seconds.
  path: Assets/Prefabs/penguin_slide_01.prefab
  artifactKey: Guid(1d32cfa9be657254481e1a2944f5fd83) Importer(815301076,1909f56bfc062723c751e8b465ee728b)
Start importing Assets/Prefabs/penguin_slide_01.prefab using Guid(1d32cfa9be657254481e1a2944f5fd83) Importer(815301076,1909f56bfc062723c751e8b465ee728b) [PhysX] Initialized MultithreadedTaskDispatcher with 18 workers.
[PhysX] Initialized MultithreadedTaskDispatcher with 18 workers.
 -> (artifact id: '4b97f2a100810e5f11bde4d81151276d') in 0.085133 seconds
Number of updated asset objects reloaded before import = 0
Number of asset objects unloaded after import = 9
========================================================================
Received Prepare
Caller must complete domain reload
Begin MonoManager ReloadAssembly
- Loaded All Assemblies, in  0.491 seconds
Native extension for WindowsStandalone target not found
Native extension for Android target not found
Mono: successfully reloaded assembly
- Finished resetting the current domain, in  1.488 seconds
Domain Reload Profiling: 1974ms
	BeginReloadAssembly (158ms)
		ExecutionOrderSort (0ms)
		DisableScriptedObjects (4ms)
		BackupInstance (0ms)
		ReleaseScriptingObjects (0ms)
		CreateAndSetChildDomain (31ms)
	RebuildCommonClasses (26ms)
	RebuildNativeTypeToScriptingClass (11ms)
	initialDomainReloadingComplete (34ms)
	LoadAllAssembliesAndSetupDomain (257ms)
		LoadAssemblies (331ms)
		RebuildTransferFunctionScriptingTraits (0ms)
		AnalyzeDomain (17ms)
			TypeCache.Refresh (6ms)
				TypeCache.ScanAssembly (0ms)
			ScanForSourceGeneratedMonoScriptInfo (0ms)
			ResolveRequiredComponents (8ms)
	FinalizeReload (1489ms)
		ReleaseScriptCaches (0ms)
		RebuildScriptCaches (0ms)
		SetupLoadedEditorAssemblies (816ms)
			LogAssemblyErrors (0ms)
			InitializePlatformSupportModulesInManaged (20ms)
			SetLoadedEditorAssemblies (3ms)
			RefreshPlugins (0ms)
			BeforeProcessingInitializeOnLoad (72ms)
			ProcessInitializeOnLoadAttributes (684ms)
			ProcessInitializeOnLoadMethodAttributes (27ms)
			AfterProcessingInitializeOnLoad (11ms)
			EditorAssembliesLoaded (0ms)
		ExecutionOrderSort2 (0ms)
		AwakeInstancesAfterBackupRestoration (10ms)
Refreshing native plugins compatible for Editor in 14.11 ms, found 4 plugins.
Preloading 0 native plugins for Editor in 0.00 ms.
Unloading 3149 Unused Serialized files (Serialized files now loaded: 0)
Unloading 14 unused Assets / (28.6 KB). Loaded Objects now: 3931.
Memory consumption went from 125.3 MB to 125.3 MB.
Total: 4.412000 ms (FindLiveObjects: 0.318500 ms CreateObjectMapping: 0.124100 ms MarkObjects: 3.905800 ms  DeleteObjects: 0.060900 ms)

Prepare: number of updated asset objects reloaded= 0
AssetImportParameters requested are different than current active one (requested -> active):
  custom:container-demuxer-ogg: 62fdf1f143b41e24485cea50d1cbac27 -> 
  custom:scripting/monoscript/fileName/GameManager.cs: 9933fbcc6190e2a9171c2ec8808a053e -> 
  custom:video-codec-MediaFoundation-h265: 746d11721c4dcdbdad8f713fa42b33f4 -> 
  custom:video-decoder-ogg-theora: a1e56fd34408186e4bbccfd4996cb3dc -> 
  custom:framework-win-MediaFoundation: 216162199b28c13a410421893ffa2e32 -> 
  custom:CustomObjectIndexerAttribute: 9a22284fe3817be447336de3de66b15e -> 
  custom:container-demuxer-webm: 4f35f7cbe854078d1ac9338744f61a02 -> 
  custom:container-muxer-webm: aa71ff27fc2769a1b78a27578f13a17b -> 
  custom:video-decoder-webm-vp8: 9c59270c3fd7afecdb556c50c9e8de78 -> 
  custom:SearchIndexIgnoredProperties: e643bd26f0fe6173181afceb89e7c659 -> 
  custom:AudioImporter_EditorPlatform: d09bf68614088b80899f8185d706f6e7 -> 
  custom:video-encoder-webm-vp8: eb34c28f22e8b96e1ab97ce403110664 -> 
  custom:audio-decoder-ogg-vorbis: bf7c407c2cedff20999df2af8eb42d56 -> 
  custom:audio-encoder-webm-vorbis: bf7c407c2cedff20999df2af8eb42d56 -> 
  custom:scripting/monoscript/fileName/SceneChanger.cs: 4bb94d70706032f4bd969ba3ab0024bf -> 
  custom:scripting/precompiled-assembly-types:Assembly-CSharp: 0af7c0c811f5b10647697694ccb5251a -> 0950573ccc79f0d8dd275579e87e265a
========================================================================
Received Prepare
Caller must complete domain reload
Begin MonoManager ReloadAssembly
- Loaded All Assemblies, in  0.558 seconds
Native extension for WindowsStandalone target not found
Native extension for Android target not found
Mono: successfully reloaded assembly
- Finished resetting the current domain, in  1.724 seconds
Domain Reload Profiling: 2277ms
	BeginReloadAssembly (166ms)
		ExecutionOrderSort (0ms)
		DisableScriptedObjects (3ms)
		BackupInstance (0ms)
		ReleaseScriptingObjects (0ms)
		CreateAndSetChildDomain (34ms)
	RebuildCommonClasses (32ms)
	RebuildNativeTypeToScriptingClass (11ms)
	initialDomainReloadingComplete (40ms)
	LoadAllAssembliesAndSetupDomain (302ms)
		LoadAssemblies (380ms)
		RebuildTransferFunctionScriptingTraits (0ms)
		AnalyzeDomain (17ms)
			TypeCache.Refresh (6ms)
				TypeCache.ScanAssembly (0ms)
			ScanForSourceGeneratedMonoScriptInfo (0ms)
			ResolveRequiredComponents (8ms)
	FinalizeReload (1725ms)
		ReleaseScriptCaches (0ms)
		RebuildScriptCaches (0ms)
		SetupLoadedEditorAssemblies (836ms)
			LogAssemblyErrors (0ms)
			InitializePlatformSupportModulesInManaged (30ms)
			SetLoadedEditorAssemblies (4ms)
			RefreshPlugins (0ms)
			BeforeProcessingInitializeOnLoad (83ms)
			ProcessInitializeOnLoadAttributes (683ms)
			ProcessInitializeOnLoadMethodAttributes (26ms)
			AfterProcessingInitializeOnLoad (10ms)
			EditorAssembliesLoaded (0ms)
		ExecutionOrderSort2 (0ms)
		AwakeInstancesAfterBackupRestoration (9ms)
Refreshing native plugins compatible for Editor in 18.35 ms, found 4 plugins.
Preloading 0 native plugins for Editor in 0.00 ms.
Unloading 3150 Unused Serialized files (Serialized files now loaded: 0)
Unloading 14 unused Assets / (28.6 KB). Loaded Objects now: 3934.
Memory consumption went from 125.6 MB to 125.5 MB.
Total: 3.543700 ms (FindLiveObjects: 0.317400 ms CreateObjectMapping: 0.060100 ms MarkObjects: 3.065300 ms  DeleteObjects: 0.099100 ms)

Prepare: number of updated asset objects reloaded= 0
AssetImportParameters requested are different than current active one (requested -> active):
  custom:container-demuxer-ogg: 62fdf1f143b41e24485cea50d1cbac27 -> 
  custom:scripting/monoscript/fileName/GameManager.cs: 9933fbcc6190e2a9171c2ec8808a053e -> 
  custom:video-codec-MediaFoundation-h265: 746d11721c4dcdbdad8f713fa42b33f4 -> 
  custom:video-decoder-ogg-theora: a1e56fd34408186e4bbccfd4996cb3dc -> 
  custom:framework-win-MediaFoundation: 216162199b28c13a410421893ffa2e32 -> 
  custom:CustomObjectIndexerAttribute: 9a22284fe3817be447336de3de66b15e -> 
  custom:container-demuxer-webm: 4f35f7cbe854078d1ac9338744f61a02 -> 
  custom:container-muxer-webm: aa71ff27fc2769a1b78a27578f13a17b -> 
  custom:video-decoder-webm-vp8: 9c59270c3fd7afecdb556c50c9e8de78 -> 
  custom:SearchIndexIgnoredProperties: e643bd26f0fe6173181afceb89e7c659 -> 
  custom:AudioImporter_EditorPlatform: d09bf68614088b80899f8185d706f6e7 -> 
  custom:video-encoder-webm-vp8: eb34c28f22e8b96e1ab97ce403110664 -> 
  custom:audio-decoder-ogg-vorbis: bf7c407c2cedff20999df2af8eb42d56 -> 
  custom:audio-encoder-webm-vorbis: bf7c407c2cedff20999df2af8eb42d56 -> 
  custom:scripting/monoscript/fileName/SceneChanger.cs: 4bb94d70706032f4bd969ba3ab0024bf -> 
  custom:scripting/precompiled-assembly-types:Assembly-CSharp: 0af7c0c811f5b10647697694ccb5251a -> 0950573ccc79f0d8dd275579e87e265a
========================================================================
Received Prepare
Caller must complete domain reload
Begin MonoManager ReloadAssembly
- Loaded All Assemblies, in  0.592 seconds
Native extension for WindowsStandalone target not found
Native extension for Android target not found
Mono: successfully reloaded assembly
- Finished resetting the current domain, in  1.520 seconds
Domain Reload Profiling: 2108ms
	BeginReloadAssembly (163ms)
		ExecutionOrderSort (0ms)
		DisableScriptedObjects (4ms)
		BackupInstance (0ms)
		ReleaseScriptingObjects (0ms)
		CreateAndSetChildDomain (33ms)
	RebuildCommonClasses (36ms)
	RebuildNativeTypeToScriptingClass (9ms)
	initialDomainReloadingComplete (34ms)
	LoadAllAssembliesAndSetupDomain (345ms)
		LoadAssemblies (416ms)
		RebuildTransferFunctionScriptingTraits (0ms)
		AnalyzeDomain (19ms)
			TypeCache.Refresh (6ms)
				TypeCache.ScanAssembly (0ms)
			ScanForSourceGeneratedMonoScriptInfo (0ms)
			ResolveRequiredComponents (8ms)
	FinalizeReload (1521ms)
		ReleaseScriptCaches (0ms)
		RebuildScriptCaches (0ms)
		SetupLoadedEditorAssemblies (784ms)
			LogAssemblyErrors (0ms)
			InitializePlatformSupportModulesInManaged (21ms)
			SetLoadedEditorAssemblies (3ms)
			RefreshPlugins (0ms)
			BeforeProcessingInitializeOnLoad (67ms)
			ProcessInitializeOnLoadAttributes (658ms)
			ProcessInitializeOnLoadMethodAttributes (24ms)
			AfterProcessingInitializeOnLoad (11ms)
			EditorAssembliesLoaded (0ms)
		ExecutionOrderSort2 (0ms)
		AwakeInstancesAfterBackupRestoration (11ms)
Refreshing native plugins compatible for Editor in 11.22 ms, found 4 plugins.
Preloading 0 native plugins for Editor in 0.00 ms.
Unloading 3150 Unused Serialized files (Serialized files now loaded: 0)
Unloading 14 unused Assets / (28.6 KB). Loaded Objects now: 3937.
Memory consumption went from 125.6 MB to 125.5 MB.
Total: 3.601900 ms (FindLiveObjects: 0.247400 ms CreateObjectMapping: 0.062200 ms MarkObjects: 3.223400 ms  DeleteObjects: 0.067100 ms)

Prepare: number of updated asset objects reloaded= 0
AssetImportParameters requested are different than current active one (requested -> active):
  custom:container-demuxer-ogg: 62fdf1f143b41e24485cea50d1cbac27 -> 
  custom:scripting/monoscript/fileName/GameManager.cs: 9933fbcc6190e2a9171c2ec8808a053e -> 
  custom:video-codec-MediaFoundation-h265: 746d11721c4dcdbdad8f713fa42b33f4 -> 
  custom:video-decoder-ogg-theora: a1e56fd34408186e4bbccfd4996cb3dc -> 
  custom:framework-win-MediaFoundation: 216162199b28c13a410421893ffa2e32 -> 
  custom:CustomObjectIndexerAttribute: 9a22284fe3817be447336de3de66b15e -> 
  custom:container-demuxer-webm: 4f35f7cbe854078d1ac9338744f61a02 -> 
  custom:container-muxer-webm: aa71ff27fc2769a1b78a27578f13a17b -> 
  custom:video-decoder-webm-vp8: 9c59270c3fd7afecdb556c50c9e8de78 -> 
  custom:SearchIndexIgnoredProperties: e643bd26f0fe6173181afceb89e7c659 -> 
  custom:AudioImporter_EditorPlatform: d09bf68614088b80899f8185d706f6e7 -> 
  custom:video-encoder-webm-vp8: eb34c28f22e8b96e1ab97ce403110664 -> 
  custom:audio-decoder-ogg-vorbis: bf7c407c2cedff20999df2af8eb42d56 -> 
  custom:audio-encoder-webm-vorbis: bf7c407c2cedff20999df2af8eb42d56 -> 
  custom:scripting/monoscript/fileName/SceneChanger.cs: 4bb94d70706032f4bd969ba3ab0024bf -> 
  custom:scripting/precompiled-assembly-types:Assembly-CSharp: 0af7c0c811f5b10647697694ccb5251a -> 0950573ccc79f0d8dd275579e87e265a
========================================================================
Received Import Request.
  Time since last request: 256.257738 seconds.
  path: Assets/Scenes/DongScene.unity
  artifactKey: Guid(d96f4d3d887987e43b3e34ebc6977759) Importer(815301076,1909f56bfc062723c751e8b465ee728b)
Start importing Assets/Scenes/DongScene.unity using Guid(d96f4d3d887987e43b3e34ebc6977759) Importer(815301076,1909f56bfc062723c751e8b465ee728b) [PhysX] Initialized MultithreadedTaskDispatcher with 18 workers.
 -> (artifact id: '81aa074ae1ae44995d5014a11c755718') in 0.001959 seconds
Number of updated asset objects reloaded before import = 0
Number of asset objects unloaded after import = 0
========================================================================
Received Prepare
Caller must complete domain reload
Begin MonoManager ReloadAssembly
- Loaded All Assemblies, in  0.625 seconds
Native extension for WindowsStandalone target not found
Native extension for Android target not found
Mono: successfully reloaded assembly
- Finished resetting the current domain, in  1.202 seconds
Domain Reload Profiling: 1822ms
	BeginReloadAssembly (161ms)
		ExecutionOrderSort (0ms)
		DisableScriptedObjects (4ms)
		BackupInstance (0ms)
		ReleaseScriptingObjects (0ms)
		CreateAndSetChildDomain (32ms)
	RebuildCommonClasses (41ms)
	RebuildNativeTypeToScriptingClass (12ms)
	initialDomainReloadingComplete (41ms)
	LoadAllAssembliesAndSetupDomain (365ms)
		LoadAssemblies (430ms)
		RebuildTransferFunctionScriptingTraits (0ms)
		AnalyzeDomain (26ms)
			TypeCache.Refresh (10ms)
				TypeCache.ScanAssembly (0ms)
			ScanForSourceGeneratedMonoScriptInfo (8ms)
			ResolveRequiredComponents (5ms)
	FinalizeReload (1202ms)
		ReleaseScriptCaches (0ms)
		RebuildScriptCaches (0ms)
		SetupLoadedEditorAssemblies (573ms)
			LogAssemblyErrors (0ms)
			InitializePlatformSupportModulesInManaged (18ms)
			SetLoadedEditorAssemblies (3ms)
			RefreshPlugins (0ms)
			BeforeProcessingInitializeOnLoad (67ms)
			ProcessInitializeOnLoadAttributes (457ms)
			ProcessInitializeOnLoadMethodAttributes (19ms)
			AfterProcessingInitializeOnLoad (8ms)
			EditorAssembliesLoaded (0ms)
		ExecutionOrderSort2 (0ms)
		AwakeInstancesAfterBackupRestoration (6ms)
Refreshing native plugins compatible for Editor in 10.89 ms, found 4 plugins.
Preloading 0 native plugins for Editor in 0.00 ms.
Unloading 3149 Unused Serialized files (Serialized files now loaded: 0)
Unloading 14 unused Assets / (28.6 KB). Loaded Objects now: 3940.
Memory consumption went from 125.3 MB to 125.3 MB.
Total: 3.048600 ms (FindLiveObjects: 0.207600 ms CreateObjectMapping: 0.047900 ms MarkObjects: 2.751400 ms  DeleteObjects: 0.039700 ms)

Prepare: number of updated asset objects reloaded= 0
AssetImportParameters requested are different than current active one (requested -> active):
  custom:container-demuxer-ogg: 62fdf1f143b41e24485cea50d1cbac27 -> 
  custom:scripting/monoscript/fileName/GameManager.cs: 9933fbcc6190e2a9171c2ec8808a053e -> 
  custom:video-codec-MediaFoundation-h265: 746d11721c4dcdbdad8f713fa42b33f4 -> 
  custom:video-decoder-ogg-theora: a1e56fd34408186e4bbccfd4996cb3dc -> 
  custom:framework-win-MediaFoundation: 216162199b28c13a410421893ffa2e32 -> 
  custom:CustomObjectIndexerAttribute: 9a22284fe3817be447336de3de66b15e -> 
  custom:container-demuxer-webm: 4f35f7cbe854078d1ac9338744f61a02 -> 
  custom:container-muxer-webm: aa71ff27fc2769a1b78a27578f13a17b -> 
  custom:video-decoder-webm-vp8: 9c59270c3fd7afecdb556c50c9e8de78 -> 
  custom:SearchIndexIgnoredProperties: e643bd26f0fe6173181afceb89e7c659 -> 
  custom:AudioImporter_EditorPlatform: d09bf68614088b80899f8185d706f6e7 -> 
  custom:video-encoder-webm-vp8: eb34c28f22e8b96e1ab97ce403110664 -> 
  custom:audio-decoder-ogg-vorbis: bf7c407c2cedff20999df2af8eb42d56 -> 
  custom:audio-encoder-webm-vorbis: bf7c407c2cedff20999df2af8eb42d56 -> 
  custom:scripting/monoscript/fileName/SceneChanger.cs: 4bb94d70706032f4bd969ba3ab0024bf -> 
  custom:scripting/precompiled-assembly-types:Assembly-CSharp: 0af7c0c811f5b10647697694ccb5251a -> 0950573ccc79f0d8dd275579e87e265a
========================================================================
Received Prepare
Caller must complete domain reload
Begin MonoManager ReloadAssembly
- Loaded All Assemblies, in  0.467 seconds
Native extension for WindowsStandalone target not found
Native extension for Android target not found
Mono: successfully reloaded assembly
- Finished resetting the current domain, in  1.573 seconds
Domain Reload Profiling: 2035ms
	BeginReloadAssembly (167ms)
		ExecutionOrderSort (0ms)
		DisableScriptedObjects (5ms)
		BackupInstance (0ms)
		ReleaseScriptingObjects (0ms)
		CreateAndSetChildDomain (34ms)
	RebuildCommonClasses (30ms)
	RebuildNativeTypeToScriptingClass (12ms)
	initialDomainReloadingComplete (32ms)
	LoadAllAssembliesAndSetupDomain (220ms)
		LoadAssemblies (306ms)
		RebuildTransferFunctionScriptingTraits (0ms)
		AnalyzeDomain (10ms)
			TypeCache.Refresh (4ms)
				TypeCache.ScanAssembly (0ms)
			ScanForSourceGeneratedMonoScriptInfo (0ms)
			ResolveRequiredComponents (4ms)
	FinalizeReload (1574ms)
		ReleaseScriptCaches (0ms)
		RebuildScriptCaches (0ms)
		SetupLoadedEditorAssemblies (920ms)
			LogAssemblyErrors (0ms)
			InitializePlatformSupportModulesInManaged (29ms)
			SetLoadedEditorAssemblies (3ms)
			RefreshPlugins (0ms)
			BeforeProcessingInitializeOnLoad (79ms)
			ProcessInitializeOnLoadAttributes (770ms)
			ProcessInitializeOnLoadMethodAttributes (28ms)
			AfterProcessingInitializeOnLoad (11ms)
			EditorAssembliesLoaded (0ms)
		ExecutionOrderSort2 (0ms)
		AwakeInstancesAfterBackupRestoration (11ms)
Refreshing native plugins compatible for Editor in 15.93 ms, found 4 plugins.
Preloading 0 native plugins for Editor in 0.00 ms.
Unloading 3150 Unused Serialized files (Serialized files now loaded: 0)
Unloading 14 unused Assets / (28.5 KB). Loaded Objects now: 3943.
Memory consumption went from 125.6 MB to 125.5 MB.
Total: 4.293400 ms (FindLiveObjects: 0.331900 ms CreateObjectMapping: 0.087600 ms MarkObjects: 3.774300 ms  DeleteObjects: 0.097200 ms)

Prepare: number of updated asset objects reloaded= 0
AssetImportParameters requested are different than current active one (requested -> active):
  custom:container-demuxer-ogg: 62fdf1f143b41e24485cea50d1cbac27 -> 
  custom:scripting/monoscript/fileName/GameManager.cs: 9933fbcc6190e2a9171c2ec8808a053e -> 
  custom:video-codec-MediaFoundation-h265: 746d11721c4dcdbdad8f713fa42b33f4 -> 
  custom:video-decoder-ogg-theora: a1e56fd34408186e4bbccfd4996cb3dc -> 
  custom:framework-win-MediaFoundation: 216162199b28c13a410421893ffa2e32 -> 
  custom:CustomObjectIndexerAttribute: 9a22284fe3817be447336de3de66b15e -> 
  custom:container-demuxer-webm: 4f35f7cbe854078d1ac9338744f61a02 -> 
  custom:container-muxer-webm: aa71ff27fc2769a1b78a27578f13a17b -> 
  custom:video-decoder-webm-vp8: 9c59270c3fd7afecdb556c50c9e8de78 -> 
  custom:SearchIndexIgnoredProperties: e643bd26f0fe6173181afceb89e7c659 -> 
  custom:AudioImporter_EditorPlatform: d09bf68614088b80899f8185d706f6e7 -> 
  custom:video-encoder-webm-vp8: eb34c28f22e8b96e1ab97ce403110664 -> 
  custom:audio-decoder-ogg-vorbis: bf7c407c2cedff20999df2af8eb42d56 -> 
  custom:audio-encoder-webm-vorbis: bf7c407c2cedff20999df2af8eb42d56 -> 
  custom:scripting/monoscript/fileName/SceneChanger.cs: 4bb94d70706032f4bd969ba3ab0024bf -> 
  custom:scripting/precompiled-assembly-types:Assembly-CSharp: 0af7c0c811f5b10647697694ccb5251a -> 0950573ccc79f0d8dd275579e87e265a
========================================================================
Received Prepare
Caller must complete domain reload
Begin MonoManager ReloadAssembly
- Loaded All Assemblies, in  0.517 seconds
Native extension for WindowsStandalone target not found
Native extension for Android target not found
Mono: successfully reloaded assembly
- Finished resetting the current domain, in  1.582 seconds
Domain Reload Profiling: 2096ms
	BeginReloadAssembly (169ms)
		ExecutionOrderSort (0ms)
		DisableScriptedObjects (4ms)
		BackupInstance (0ms)
		ReleaseScriptingObjects (0ms)
		CreateAndSetChildDomain (30ms)
	RebuildCommonClasses (42ms)
	RebuildNativeTypeToScriptingClass (18ms)
	initialDomainReloadingComplete (35ms)
	LoadAllAssembliesAndSetupDomain (248ms)
		LoadAssemblies (336ms)
		RebuildTransferFunctionScriptingTraits (0ms)
		AnalyzeDomain (15ms)
			TypeCache.Refresh (6ms)
				TypeCache.ScanAssembly (0ms)
			ScanForSourceGeneratedMonoScriptInfo (0ms)
			ResolveRequiredComponents (6ms)
	FinalizeReload (1583ms)
		ReleaseScriptCaches (0ms)
		RebuildScriptCaches (0ms)
		SetupLoadedEditorAssemblies (819ms)
			LogAssemblyErrors (0ms)
			InitializePlatformSupportModulesInManaged (30ms)
			SetLoadedEditorAssemblies (4ms)
			RefreshPlugins (0ms)
			BeforeProcessingInitializeOnLoad (91ms)
			ProcessInitializeOnLoadAttributes (658ms)
			ProcessInitializeOnLoadMethodAttributes (26ms)
			AfterProcessingInitializeOnLoad (10ms)
			EditorAssembliesLoaded (0ms)
		ExecutionOrderSort2 (0ms)
		AwakeInstancesAfterBackupRestoration (10ms)
Refreshing native plugins compatible for Editor in 13.20 ms, found 4 plugins.
Preloading 0 native plugins for Editor in 0.00 ms.
Unloading 3150 Unused Serialized files (Serialized files now loaded: 0)
Unloading 14 unused Assets / (28.5 KB). Loaded Objects now: 3946.
Memory consumption went from 125.6 MB to 125.5 MB.
Total: 5.392200 ms (FindLiveObjects: 0.583300 ms CreateObjectMapping: 0.170400 ms MarkObjects: 4.573800 ms  DeleteObjects: 0.062200 ms)

Prepare: number of updated asset objects reloaded= 0
AssetImportParameters requested are different than current active one (requested -> active):
  custom:container-demuxer-ogg: 62fdf1f143b41e24485cea50d1cbac27 -> 
  custom:scripting/monoscript/fileName/GameManager.cs: 9933fbcc6190e2a9171c2ec8808a053e -> 
  custom:video-codec-MediaFoundation-h265: 746d11721c4dcdbdad8f713fa42b33f4 -> 
  custom:video-decoder-ogg-theora: a1e56fd34408186e4bbccfd4996cb3dc -> 
  custom:framework-win-MediaFoundation: 216162199b28c13a410421893ffa2e32 -> 
  custom:CustomObjectIndexerAttribute: 9a22284fe3817be447336de3de66b15e -> 
  custom:container-demuxer-webm: 4f35f7cbe854078d1ac9338744f61a02 -> 
  custom:container-muxer-webm: aa71ff27fc2769a1b78a27578f13a17b -> 
  custom:video-decoder-webm-vp8: 9c59270c3fd7afecdb556c50c9e8de78 -> 
  custom:SearchIndexIgnoredProperties: e643bd26f0fe6173181afceb89e7c659 -> 
  custom:AudioImporter_EditorPlatform: d09bf68614088b80899f8185d706f6e7 -> 
  custom:video-encoder-webm-vp8: eb34c28f22e8b96e1ab97ce403110664 -> 
  custom:audio-decoder-ogg-vorbis: bf7c407c2cedff20999df2af8eb42d56 -> 
  custom:audio-encoder-webm-vorbis: bf7c407c2cedff20999df2af8eb42d56 -> 
  custom:scripting/monoscript/fileName/SceneChanger.cs: 4bb94d70706032f4bd969ba3ab0024bf -> 
  custom:scripting/precompiled-assembly-types:Assembly-CSharp: 0af7c0c811f5b10647697694ccb5251a -> 0950573ccc79f0d8dd275579e87e265a
========================================================================
Received Prepare
Caller must complete domain reload
Begin MonoManager ReloadAssembly
- Loaded All Assemblies, in  0.758 seconds
Native extension for WindowsStandalone target not found
Native extension for Android target not found
Mono: successfully reloaded assembly
- Finished resetting the current domain, in  1.596 seconds
Domain Reload Profiling: 2348ms
	BeginReloadAssembly (240ms)
		ExecutionOrderSort (0ms)
		DisableScriptedObjects (9ms)
		BackupInstance (0ms)
		ReleaseScriptingObjects (0ms)
		CreateAndSetChildDomain (52ms)
	RebuildCommonClasses (46ms)
	RebuildNativeTypeToScriptingClass (14ms)
	initialDomainReloadingComplete (56ms)
	LoadAllAssembliesAndSetupDomain (395ms)
		LoadAssemblies (486ms)
		RebuildTransferFunctionScriptingTraits (0ms)
		AnalyzeDomain (38ms)
			TypeCache.Refresh (14ms)
				TypeCache.ScanAssembly (0ms)
			ScanForSourceGeneratedMonoScriptInfo (11ms)
			ResolveRequiredComponents (9ms)
	FinalizeReload (1597ms)
		ReleaseScriptCaches (0ms)
		RebuildScriptCaches (0ms)
		SetupLoadedEditorAssemblies (581ms)
			LogAssemblyErrors (0ms)
			InitializePlatformSupportModulesInManaged (19ms)
			SetLoadedEditorAssemblies (3ms)
			RefreshPlugins (0ms)
			BeforeProcessingInitializeOnLoad (61ms)
			ProcessInitializeOnLoadAttributes (476ms)
			ProcessInitializeOnLoadMethodAttributes (15ms)
			AfterProcessingInitializeOnLoad (7ms)
			EditorAssembliesLoaded (0ms)
		ExecutionOrderSort2 (0ms)
		AwakeInstancesAfterBackupRestoration (6ms)
Refreshing native plugins compatible for Editor in 11.18 ms, found 4 plugins.
Preloading 0 native plugins for Editor in 0.00 ms.
Unloading 3150 Unused Serialized files (Serialized files now loaded: 0)
Unloading 14 unused Assets / (28.6 KB). Loaded Objects now: 3949.
Memory consumption went from 125.6 MB to 125.6 MB.
Total: 3.387000 ms (FindLiveObjects: 0.241500 ms CreateObjectMapping: 0.048400 ms MarkObjects: 3.035800 ms  DeleteObjects: 0.059200 ms)

Prepare: number of updated asset objects reloaded= 0
AssetImportParameters requested are different than current active one (requested -> active):
  custom:container-demuxer-ogg: 62fdf1f143b41e24485cea50d1cbac27 -> 
  custom:scripting/monoscript/fileName/GameManager.cs: 9933fbcc6190e2a9171c2ec8808a053e -> 
  custom:video-codec-MediaFoundation-h265: 746d11721c4dcdbdad8f713fa42b33f4 -> 
  custom:video-decoder-ogg-theora: a1e56fd34408186e4bbccfd4996cb3dc -> 
  custom:framework-win-MediaFoundation: 216162199b28c13a410421893ffa2e32 -> 
  custom:CustomObjectIndexerAttribute: 9a22284fe3817be447336de3de66b15e -> 
  custom:container-demuxer-webm: 4f35f7cbe854078d1ac9338744f61a02 -> 
  custom:container-muxer-webm: aa71ff27fc2769a1b78a27578f13a17b -> 
  custom:video-decoder-webm-vp8: 9c59270c3fd7afecdb556c50c9e8de78 -> 
  custom:SearchIndexIgnoredProperties: e643bd26f0fe6173181afceb89e7c659 -> 
  custom:AudioImporter_EditorPlatform: d09bf68614088b80899f8185d706f6e7 -> 
  custom:video-encoder-webm-vp8: eb34c28f22e8b96e1ab97ce403110664 -> 
  custom:audio-decoder-ogg-vorbis: bf7c407c2cedff20999df2af8eb42d56 -> 
  custom:audio-encoder-webm-vorbis: bf7c407c2cedff20999df2af8eb42d56 -> 
  custom:scripting/monoscript/fileName/SceneChanger.cs: 4bb94d70706032f4bd969ba3ab0024bf -> 
  custom:scripting/precompiled-assembly-types:Assembly-CSharp: 0af7c0c811f5b10647697694ccb5251a -> 0950573ccc79f0d8dd275579e87e265a
========================================================================
Received Prepare
Caller must complete domain reload
Begin MonoManager ReloadAssembly
- Loaded All Assemblies, in  0.475 seconds
Native extension for WindowsStandalone target not found
Native extension for Android target not found
Mono: successfully reloaded assembly
- Finished resetting the current domain, in  1.510 seconds
Domain Reload Profiling: 1983ms
	BeginReloadAssembly (143ms)
		ExecutionOrderSort (0ms)
		DisableScriptedObjects (4ms)
		BackupInstance (0ms)
		ReleaseScriptingObjects (0ms)
		CreateAndSetChildDomain (25ms)
	RebuildCommonClasses (36ms)
	RebuildNativeTypeToScriptingClass (13ms)
	initialDomainReloadingComplete (35ms)
	LoadAllAssembliesAndSetupDomain (245ms)
		LoadAssemblies (310ms)
		RebuildTransferFunctionScriptingTraits (0ms)
		AnalyzeDomain (19ms)
			TypeCache.Refresh (8ms)
				TypeCache.ScanAssembly (0ms)
			ScanForSourceGeneratedMonoScriptInfo (0ms)
			ResolveRequiredComponents (8ms)
	FinalizeReload (1511ms)
		ReleaseScriptCaches (0ms)
		RebuildScriptCaches (0ms)
		SetupLoadedEditorAssemblies (799ms)
			LogAssemblyErrors (0ms)
			InitializePlatformSupportModulesInManaged (22ms)
			SetLoadedEditorAssemblies (6ms)
			RefreshPlugins (0ms)
			BeforeProcessingInitializeOnLoad (90ms)
			ProcessInitializeOnLoadAttributes (647ms)
			ProcessInitializeOnLoadMethodAttributes (25ms)
			AfterProcessingInitializeOnLoad (9ms)
			EditorAssembliesLoaded (0ms)
		ExecutionOrderSort2 (0ms)
		AwakeInstancesAfterBackupRestoration (10ms)
Refreshing native plugins compatible for Editor in 15.06 ms, found 4 plugins.
Preloading 0 native plugins for Editor in 0.00 ms.
Unloading 3150 Unused Serialized files (Serialized files now loaded: 0)
Unloading 14 unused Assets / (28.6 KB). Loaded Objects now: 3952.
Memory consumption went from 125.6 MB to 125.6 MB.
Total: 3.731600 ms (FindLiveObjects: 0.278600 ms CreateObjectMapping: 0.065000 ms MarkObjects: 3.320400 ms  DeleteObjects: 0.065900 ms)

Prepare: number of updated asset objects reloaded= 0
AssetImportParameters requested are different than current active one (requested -> active):
  custom:container-demuxer-ogg: 62fdf1f143b41e24485cea50d1cbac27 -> 
  custom:scripting/monoscript/fileName/GameManager.cs: 9933fbcc6190e2a9171c2ec8808a053e -> 
  custom:video-codec-MediaFoundation-h265: 746d11721c4dcdbdad8f713fa42b33f4 -> 
  custom:video-decoder-ogg-theora: a1e56fd34408186e4bbccfd4996cb3dc -> 
  custom:framework-win-MediaFoundation: 216162199b28c13a410421893ffa2e32 -> 
  custom:CustomObjectIndexerAttribute: 9a22284fe3817be447336de3de66b15e -> 
  custom:container-demuxer-webm: 4f35f7cbe854078d1ac9338744f61a02 -> 
  custom:container-muxer-webm: aa71ff27fc2769a1b78a27578f13a17b -> 
  custom:video-decoder-webm-vp8: 9c59270c3fd7afecdb556c50c9e8de78 -> 
  custom:SearchIndexIgnoredProperties: e643bd26f0fe6173181afceb89e7c659 -> 
  custom:AudioImporter_EditorPlatform: d09bf68614088b80899f8185d706f6e7 -> 
  custom:video-encoder-webm-vp8: eb34c28f22e8b96e1ab97ce403110664 -> 
  custom:audio-decoder-ogg-vorbis: bf7c407c2cedff20999df2af8eb42d56 -> 
  custom:audio-encoder-webm-vorbis: bf7c407c2cedff20999df2af8eb42d56 -> 
  custom:scripting/monoscript/fileName/SceneChanger.cs: 4bb94d70706032f4bd969ba3ab0024bf -> 
  custom:scripting/precompiled-assembly-types:Assembly-CSharp: 0af7c0c811f5b10647697694ccb5251a -> 0950573ccc79f0d8dd275579e87e265a
========================================================================
Received Prepare
Caller must complete domain reload
Begin MonoManager ReloadAssembly
- Loaded All Assemblies, in  0.592 seconds
Native extension for WindowsStandalone target not found
Native extension for Android target not found
Mono: successfully reloaded assembly
- Finished resetting the current domain, in  1.852 seconds
Domain Reload Profiling: 2440ms
	BeginReloadAssembly (192ms)
		ExecutionOrderSort (0ms)
		DisableScriptedObjects (6ms)
		BackupInstance (0ms)
		ReleaseScriptingObjects (0ms)
		CreateAndSetChildDomain (37ms)
	RebuildCommonClasses (39ms)
	RebuildNativeTypeToScriptingClass (10ms)
	initialDomainReloadingComplete (42ms)
	LoadAllAssembliesAndSetupDomain (305ms)
		LoadAssemblies (383ms)
		RebuildTransferFunctionScriptingTraits (0ms)
		AnalyzeDomain (31ms)
			TypeCache.Refresh (12ms)
				TypeCache.ScanAssembly (0ms)
			ScanForSourceGeneratedMonoScriptInfo (10ms)
			ResolveRequiredComponents (7ms)
	FinalizeReload (1852ms)
		ReleaseScriptCaches (0ms)
		RebuildScriptCaches (0ms)
		SetupLoadedEditorAssemblies (1014ms)
			LogAssemblyErrors (0ms)
			InitializePlatformSupportModulesInManaged (36ms)
			SetLoadedEditorAssemblies (5ms)
			RefreshPlugins (0ms)
			BeforeProcessingInitializeOnLoad (114ms)
			ProcessInitializeOnLoadAttributes (811ms)
			ProcessInitializeOnLoadMethodAttributes (32ms)
			AfterProcessingInitializeOnLoad (15ms)
			EditorAssembliesLoaded (0ms)
		ExecutionOrderSort2 (0ms)
		AwakeInstancesAfterBackupRestoration (12ms)
Refreshing native plugins compatible for Editor in 17.38 ms, found 4 plugins.
Preloading 0 native plugins for Editor in 0.00 ms.
Unloading 3150 Unused Serialized files (Serialized files now loaded: 0)
Unloading 14 unused Assets / (28.5 KB). Loaded Objects now: 3955.
Memory consumption went from 125.6 MB to 125.6 MB.
Total: 5.432700 ms (FindLiveObjects: 0.473900 ms CreateObjectMapping: 0.251800 ms MarkObjects: 4.618500 ms  DeleteObjects: 0.086100 ms)

Prepare: number of updated asset objects reloaded= 0
AssetImportParameters requested are different than current active one (requested -> active):
  custom:container-demuxer-ogg: 62fdf1f143b41e24485cea50d1cbac27 -> 
  custom:scripting/monoscript/fileName/GameManager.cs: 9933fbcc6190e2a9171c2ec8808a053e -> 
  custom:video-codec-MediaFoundation-h265: 746d11721c4dcdbdad8f713fa42b33f4 -> 
  custom:video-decoder-ogg-theora: a1e56fd34408186e4bbccfd4996cb3dc -> 
  custom:framework-win-MediaFoundation: 216162199b28c13a410421893ffa2e32 -> 
  custom:CustomObjectIndexerAttribute: 9a22284fe3817be447336de3de66b15e -> 
  custom:container-demuxer-webm: 4f35f7cbe854078d1ac9338744f61a02 -> 
  custom:container-muxer-webm: aa71ff27fc2769a1b78a27578f13a17b -> 
  custom:video-decoder-webm-vp8: 9c59270c3fd7afecdb556c50c9e8de78 -> 
  custom:SearchIndexIgnoredProperties: e643bd26f0fe6173181afceb89e7c659 -> 
  custom:AudioImporter_EditorPlatform: d09bf68614088b80899f8185d706f6e7 -> 
  custom:video-encoder-webm-vp8: eb34c28f22e8b96e1ab97ce403110664 -> 
  custom:audio-decoder-ogg-vorbis: bf7c407c2cedff20999df2af8eb42d56 -> 
  custom:audio-encoder-webm-vorbis: bf7c407c2cedff20999df2af8eb42d56 -> 
  custom:scripting/monoscript/fileName/SceneChanger.cs: 4bb94d70706032f4bd969ba3ab0024bf -> 
  custom:scripting/precompiled-assembly-types:Assembly-CSharp: 0af7c0c811f5b10647697694ccb5251a -> 0950573ccc79f0d8dd275579e87e265a
========================================================================
Received Prepare
Caller must complete domain reload
Begin MonoManager ReloadAssembly
- Loaded All Assemblies, in  0.564 seconds
Native extension for WindowsStandalone target not found
Native extension for Android target not found
Mono: successfully reloaded assembly
- Finished resetting the current domain, in  1.640 seconds
Domain Reload Profiling: 2201ms
	BeginReloadAssembly (190ms)
		ExecutionOrderSort (0ms)
		DisableScriptedObjects (6ms)
		BackupInstance (0ms)
		ReleaseScriptingObjects (0ms)
		CreateAndSetChildDomain (46ms)
	RebuildCommonClasses (39ms)
	RebuildNativeTypeToScriptingClass (14ms)
	initialDomainReloadingComplete (37ms)
	LoadAllAssembliesAndSetupDomain (281ms)
		LoadAssemblies (368ms)
		RebuildTransferFunctionScriptingTraits (0ms)
		AnalyzeDomain (15ms)
			TypeCache.Refresh (7ms)
				TypeCache.ScanAssembly (0ms)
			ScanForSourceGeneratedMonoScriptInfo (0ms)
			ResolveRequiredComponents (5ms)
	FinalizeReload (1641ms)
		ReleaseScriptCaches (0ms)
		RebuildScriptCaches (0ms)
		SetupLoadedEditorAssemblies (868ms)
			LogAssemblyErrors (0ms)
			InitializePlatformSupportModulesInManaged (32ms)
			SetLoadedEditorAssemblies (5ms)
			RefreshPlugins (0ms)
			BeforeProcessingInitializeOnLoad (94ms)
			ProcessInitializeOnLoadAttributes (701ms)
			ProcessInitializeOnLoadMethodAttributes (26ms)
			AfterProcessingInitializeOnLoad (10ms)
			EditorAssembliesLoaded (0ms)
		ExecutionOrderSort2 (0ms)
		AwakeInstancesAfterBackupRestoration (10ms)
Refreshing native plugins compatible for Editor in 13.74 ms, found 4 plugins.
Preloading 0 native plugins for Editor in 0.00 ms.
Unloading 3150 Unused Serialized files (Serialized files now loaded: 0)
Unloading 14 unused Assets / (28.6 KB). Loaded Objects now: 3958.
Memory consumption went from 125.6 MB to 125.6 MB.
Total: 3.909100 ms (FindLiveObjects: 0.351500 ms CreateObjectMapping: 0.080400 ms MarkObjects: 3.411200 ms  DeleteObjects: 0.064800 ms)

Prepare: number of updated asset objects reloaded= 0
AssetImportParameters requested are different than current active one (requested -> active):
  custom:container-demuxer-ogg: 62fdf1f143b41e24485cea50d1cbac27 -> 
  custom:scripting/monoscript/fileName/GameManager.cs: 9933fbcc6190e2a9171c2ec8808a053e -> 
  custom:video-codec-MediaFoundation-h265: 746d11721c4dcdbdad8f713fa42b33f4 -> 
  custom:video-decoder-ogg-theora: a1e56fd34408186e4bbccfd4996cb3dc -> 
  custom:framework-win-MediaFoundation: 216162199b28c13a410421893ffa2e32 -> 
  custom:CustomObjectIndexerAttribute: 9a22284fe3817be447336de3de66b15e -> 
  custom:container-demuxer-webm: 4f35f7cbe854078d1ac9338744f61a02 -> 
  custom:container-muxer-webm: aa71ff27fc2769a1b78a27578f13a17b -> 
  custom:video-decoder-webm-vp8: 9c59270c3fd7afecdb556c50c9e8de78 -> 
  custom:SearchIndexIgnoredProperties: e643bd26f0fe6173181afceb89e7c659 -> 
  custom:AudioImporter_EditorPlatform: d09bf68614088b80899f8185d706f6e7 -> 
  custom:video-encoder-webm-vp8: eb34c28f22e8b96e1ab97ce403110664 -> 
  custom:audio-decoder-ogg-vorbis: bf7c407c2cedff20999df2af8eb42d56 -> 
  custom:audio-encoder-webm-vorbis: bf7c407c2cedff20999df2af8eb42d56 -> 
  custom:scripting/monoscript/fileName/SceneChanger.cs: 4bb94d70706032f4bd969ba3ab0024bf -> 
  custom:scripting/precompiled-assembly-types:Assembly-CSharp: 0af7c0c811f5b10647697694ccb5251a -> 0950573ccc79f0d8dd275579e87e265a
========================================================================
Received Prepare
Caller must complete domain reload
Begin MonoManager ReloadAssembly
- Loaded All Assemblies, in  0.745 seconds
Native extension for WindowsStandalone target not found
Native extension for Android target not found
Mono: successfully reloaded assembly
- Finished resetting the current domain, in  1.371 seconds
Domain Reload Profiling: 2108ms
	BeginReloadAssembly (231ms)
		ExecutionOrderSort (0ms)
		DisableScriptedObjects (6ms)
		BackupInstance (0ms)
		ReleaseScriptingObjects (0ms)
		CreateAndSetChildDomain (53ms)
	RebuildCommonClasses (46ms)
	RebuildNativeTypeToScriptingClass (13ms)
	initialDomainReloadingComplete (49ms)
	LoadAllAssembliesAndSetupDomain (397ms)
		LoadAssemblies (488ms)
		RebuildTransferFunctionScriptingTraits (0ms)
		AnalyzeDomain (39ms)
			TypeCache.Refresh (15ms)
				TypeCache.ScanAssembly (0ms)
			ScanForSourceGeneratedMonoScriptInfo (11ms)
			ResolveRequiredComponents (10ms)
	FinalizeReload (1372ms)
		ReleaseScriptCaches (0ms)
		RebuildScriptCaches (0ms)
		SetupLoadedEditorAssemblies (627ms)
			LogAssemblyErrors (0ms)
			InitializePlatformSupportModulesInManaged (22ms)
			SetLoadedEditorAssemblies (3ms)
			RefreshPlugins (0ms)
			BeforeProcessingInitializeOnLoad (63ms)
			ProcessInitializeOnLoadAttributes (508ms)
			ProcessInitializeOnLoadMethodAttributes (24ms)
			AfterProcessingInitializeOnLoad (7ms)
			EditorAssembliesLoaded (0ms)
		ExecutionOrderSort2 (0ms)
		AwakeInstancesAfterBackupRestoration (7ms)
Refreshing native plugins compatible for Editor in 14.76 ms, found 4 plugins.
Preloading 0 native plugins for Editor in 0.00 ms.
Unloading 3150 Unused Serialized files (Serialized files now loaded: 0)
Unloading 14 unused Assets / (28.6 KB). Loaded Objects now: 3961.
Memory consumption went from 125.6 MB to 125.6 MB.
Total: 2.794200 ms (FindLiveObjects: 0.218000 ms CreateObjectMapping: 0.050800 ms MarkObjects: 2.479500 ms  DeleteObjects: 0.044300 ms)

Prepare: number of updated asset objects reloaded= 0
AssetImportParameters requested are different than current active one (requested -> active):
  custom:container-demuxer-ogg: 62fdf1f143b41e24485cea50d1cbac27 -> 
  custom:scripting/monoscript/fileName/GameManager.cs: 9933fbcc6190e2a9171c2ec8808a053e -> 
  custom:video-codec-MediaFoundation-h265: 746d11721c4dcdbdad8f713fa42b33f4 -> 
  custom:video-decoder-ogg-theora: a1e56fd34408186e4bbccfd4996cb3dc -> 
  custom:framework-win-MediaFoundation: 216162199b28c13a410421893ffa2e32 -> 
  custom:CustomObjectIndexerAttribute: 9a22284fe3817be447336de3de66b15e -> 
  custom:container-demuxer-webm: 4f35f7cbe854078d1ac9338744f61a02 -> 
  custom:container-muxer-webm: aa71ff27fc2769a1b78a27578f13a17b -> 
  custom:video-decoder-webm-vp8: 9c59270c3fd7afecdb556c50c9e8de78 -> 
  custom:SearchIndexIgnoredProperties: e643bd26f0fe6173181afceb89e7c659 -> 
  custom:AudioImporter_EditorPlatform: d09bf68614088b80899f8185d706f6e7 -> 
  custom:video-encoder-webm-vp8: eb34c28f22e8b96e1ab97ce403110664 -> 
  custom:audio-decoder-ogg-vorbis: bf7c407c2cedff20999df2af8eb42d56 -> 
  custom:audio-encoder-webm-vorbis: bf7c407c2cedff20999df2af8eb42d56 -> 
  custom:scripting/monoscript/fileName/SceneChanger.cs: 4bb94d70706032f4bd969ba3ab0024bf -> 
  custom:scripting/precompiled-assembly-types:Assembly-CSharp: 0af7c0c811f5b10647697694ccb5251a -> 0950573ccc79f0d8dd275579e87e265a
========================================================================
Received Prepare
Caller must complete domain reload
Begin MonoManager ReloadAssembly
- Loaded All Assemblies, in  0.511 seconds
Native extension for WindowsStandalone target not found
Native extension for Android target not found
Mono: successfully reloaded assembly
- Finished resetting the current domain, in  1.632 seconds
Domain Reload Profiling: 2137ms
	BeginReloadAssembly (170ms)
		ExecutionOrderSort (0ms)
		DisableScriptedObjects (5ms)
		BackupInstance (0ms)
		ReleaseScriptingObjects (0ms)
		CreateAndSetChildDomain (34ms)
	RebuildCommonClasses (35ms)
	RebuildNativeTypeToScriptingClass (13ms)
	initialDomainReloadingComplete (35ms)
	LoadAllAssembliesAndSetupDomain (252ms)
		LoadAssemblies (331ms)
		RebuildTransferFunctionScriptingTraits (0ms)
		AnalyzeDomain (15ms)
			TypeCache.Refresh (6ms)
				TypeCache.ScanAssembly (0ms)
			ScanForSourceGeneratedMonoScriptInfo (0ms)
			ResolveRequiredComponents (5ms)
	FinalizeReload (1632ms)
		ReleaseScriptCaches (0ms)
		RebuildScriptCaches (0ms)
		SetupLoadedEditorAssemblies (907ms)
			LogAssemblyErrors (0ms)
			InitializePlatformSupportModulesInManaged (31ms)
			SetLoadedEditorAssemblies (5ms)
			RefreshPlugins (0ms)
			BeforeProcessingInitializeOnLoad (90ms)
			ProcessInitializeOnLoadAttributes (743ms)
			ProcessInitializeOnLoadMethodAttributes (27ms)
			AfterProcessingInitializeOnLoad (11ms)
			EditorAssembliesLoaded (0ms)
		ExecutionOrderSort2 (0ms)
		AwakeInstancesAfterBackupRestoration (10ms)
Refreshing native plugins compatible for Editor in 19.03 ms, found 4 plugins.
Preloading 0 native plugins for Editor in 0.00 ms.
Unloading 3150 Unused Serialized files (Serialized files now loaded: 0)
Unloading 14 unused Assets / (28.6 KB). Loaded Objects now: 3964.
Memory consumption went from 125.6 MB to 125.6 MB.
Total: 4.406500 ms (FindLiveObjects: 0.329700 ms CreateObjectMapping: 0.059500 ms MarkObjects: 3.948200 ms  DeleteObjects: 0.067600 ms)

Prepare: number of updated asset objects reloaded= 0
AssetImportParameters requested are different than current active one (requested -> active):
  custom:container-demuxer-ogg: 62fdf1f143b41e24485cea50d1cbac27 -> 
  custom:scripting/monoscript/fileName/GameManager.cs: 9933fbcc6190e2a9171c2ec8808a053e -> 
  custom:video-codec-MediaFoundation-h265: 746d11721c4dcdbdad8f713fa42b33f4 -> 
  custom:video-decoder-ogg-theora: a1e56fd34408186e4bbccfd4996cb3dc -> 
  custom:framework-win-MediaFoundation: 216162199b28c13a410421893ffa2e32 -> 
  custom:CustomObjectIndexerAttribute: 9a22284fe3817be447336de3de66b15e -> 
  custom:container-demuxer-webm: 4f35f7cbe854078d1ac9338744f61a02 -> 
  custom:container-muxer-webm: aa71ff27fc2769a1b78a27578f13a17b -> 
  custom:video-decoder-webm-vp8: 9c59270c3fd7afecdb556c50c9e8de78 -> 
  custom:SearchIndexIgnoredProperties: e643bd26f0fe6173181afceb89e7c659 -> 
  custom:AudioImporter_EditorPlatform: d09bf68614088b80899f8185d706f6e7 -> 
  custom:video-encoder-webm-vp8: eb34c28f22e8b96e1ab97ce403110664 -> 
  custom:audio-decoder-ogg-vorbis: bf7c407c2cedff20999df2af8eb42d56 -> 
  custom:audio-encoder-webm-vorbis: bf7c407c2cedff20999df2af8eb42d56 -> 
  custom:scripting/monoscript/fileName/SceneChanger.cs: 4bb94d70706032f4bd969ba3ab0024bf -> 
  custom:scripting/precompiled-assembly-types:Assembly-CSharp: 0af7c0c811f5b10647697694ccb5251a -> 0950573ccc79f0d8dd275579e87e265a
